command,mean,stddev,median,user,system,min,max,parameter_qlcf
algeria_population_by_wilaya_2022-5,1.98081138674,0.01656413920382127,1.9748732822400001,1.9362930799999998,0.041017080000000004,1.9667813037400002,2.01655584474,5
algeria_population_by_wilaya_2022-6,1.4005441032400001,0.023157057825975283,1.3919099697400001,1.36135298,0.03352278,1.3842020947400002,1.46155913674,6
algeria_population_by_wilaya_2022-7,2.4456029159399995,0.551321801757878,2.11242828274,2.23004408,0.04187088,2.07726067774,3.76353688674,7
algeria_population_by_wilaya_2022-8,1.47992620344,0.15939539188043203,1.4235227407400002,1.4337691799999999,0.021270980000000002,1.3902005947400002,1.9098143037400002,8
algeria_population_by_wilaya_2022-9,1.29006955744,0.021371738110973808,1.28336663624,1.26366008,0.020395680000000006,1.2696495117400002,1.33584367774,9
algeria_population_by_wilaya_2022-10,0.9154243659400001,0.014891715286948529,0.91184684524,0.8915796800000001,0.02070808,0.90030609474,0.94085167874,10
algeria_population_by_wilaya_2022-11,0.87922220344,0.020323848807506813,0.86993932424,0.85572178,0.020277279999999998,0.86366426174,0.92082371974,11
algeria_population_by_wilaya_2022-12,0.83203053284,0.008661024078531292,0.82937522024,0.8144112800000001,0.016267979999999998,0.82301413674,0.85213055374,12
algeria_population_by_wilaya_2022-13,0.79068144934,0.023142355401226784,0.78079555374,0.7649214800000002,0.019124679999999998,0.77432201174,0.84683567874,13
algeria_population_by_wilaya_2022-14,0.82126762844,0.018335786488476172,0.81774690724,0.79250588,0.027441880000000002,0.79856009574,0.85349501174,14
algeria_population_by_wilaya_2022-15,0.8289490576400003,0.019891467774229732,0.81851782424,0.7936248800000001,0.03170998,0.8130836367400001,0.8694243447400001,15
australia_population_by_state_and_territory_2021-5,1.0672704200399998,0.03273886640084188,1.0561826992399999,1.03835146,0.02339222,1.04164394924,1.15649378224,5
australia_population_by_state_and_territory_2021-6,0.7552969867400001,0.02110205836378491,0.74819274074,0.7296028599999997,0.021050819999999998,0.74026878324,0.81211028224,6
australia_population_by_state_and_territory_2021-7,0.75158599914,0.013971207410237507,0.74678113674,0.7302884599999999,0.019735919999999997,0.74000894924,0.78815199024,7
australia_population_by_state_and_territory_2021-8,0.75372740774,0.01353640755970271,0.7485138867400001,0.72877096,0.02105512,0.74072661624,0.78335224124,8
australia_population_by_state_and_territory_2021-9,0.75573044914,0.013301553916029038,0.75276665724,0.7313069599999998,0.020545120000000004,0.7445979072400001,0.79077157424,9
australia_population_by_state_and_territory_2021-10,0.72488634914,0.018415146970565153,0.71678697024,0.7000415600000001,0.02084002,0.7123624912400001,0.77306311524,10
australia_population_by_state_and_territory_2021-11,0.7165718868400001,0.009109218099514102,0.71320819974,0.6949671599999999,0.02020382,0.70509857424,0.7329571582400001,11
australia_population_by_state_and_territory_2021-12,0.7891566492400001,0.021832594842077703,0.7822820532400001,0.7624801600000001,0.02272672,0.77313007424,0.84668903224,12
australia_population_by_state_and_territory_2021-13,0.80529451154,0.015014705631934208,0.7983039702400001,0.77911086,0.02251422,0.79468207424,0.8401484072400001,13
australia_population_by_state_and_territory_2021-14,0.8905524739400003,0.015565744717544168,0.88593067824,0.86148346,0.025586320000000003,0.88080886524,0.93349344924,14
australia_population_by_state_and_territory_2021-15,0.8893436577400001,0.013054323004980424,0.8838858242400001,0.86031266,0.02543552,0.87844644924,0.9150856162400001,15
austria_population_by_state_2020-5,0.5168840985,0.004610283420713255,0.5162331820999999,0.50671878,0.008748839999999999,0.5099349526,0.5234587436,5
austria_population_by_state_2020-6,0.26705521760000006,0.010020823591422146,0.26301691060000004,0.2545303436363636,0.00921574909090909,0.2602412026,0.29492270260000003,6
austria_population_by_state_2020-7,0.2784077776,0.002614291173721906,0.27801284810000004,0.26867238,0.00847974,0.2755031606,0.28332061960000005,7
austria_population_by_state_2020-8,0.28021993590000005,0.01172880275809691,0.2755033276,0.26910367999999996,0.008033539999999999,0.27460374460000003,0.31237895260000004,8
austria_population_by_state_2020-9,0.275151136,0.0013456862601926055,0.2749209946,0.26729307999999996,0.00675524,0.27375228560000003,0.27748324360000004,9
austria_population_by_state_2020-10,0.27613392330000003,0.0012341114729368058,0.2758613066,0.26844277999999994,0.006684239999999999,0.2746657026,0.27843320260000004,10
austria_population_by_state_2020-11,1.0842416568000002,0.008133540523309753,1.0824584526,1.0162895799999998,0.06129174,1.0751803276,1.1047786196,11
austria_population_by_state_2020-12,1.6396007234000003,0.014206840593449923,1.6364305566000001,1.5514347800000001,0.07902764,1.6189962446000001,1.6651264106,12
austria_population_by_state_2020-13,3.7227205611,0.019638254943542998,3.7155429316000004,3.5826487800000004,0.12837404,3.7008262866,3.7613147856,13
austria_population_by_state_2020-14,4.313419461299999,0.023526898659854276,4.3085914111,4.14990208,0.14839843999999996,4.2832339116,4.3536405366,14
austria_population_by_state_2020-15,4.9225008569,0.019713900416767544,4.9295191821,4.74338408,0.16351063999999998,4.8867437866,4.942491785600001,15
bahamas_population_by_district_2010-5,4.19656349418,0.03651384140045082,4.21788314858,4.073428680000001,0.10808522000000001,4.14398596008,4.23411862808,5
bahamas_population_by_district_2010-6,3.25388881508,0.02260154470119549,3.24797000258,3.1575428800000003,0.08694322,3.22687379408,3.30719050208,6
bahamas_population_by_district_2010-7,3.22325746078,0.018861603378619283,3.22099512708,3.1219651799999997,0.09053782,3.20243975308,3.26060058608,7
bahamas_population_by_district_2010-8,3.2190202650799997,0.024977209517751037,3.2116403355800003,3.1195666799999997,0.08730901999999999,3.1939635860799998,3.26862750308,8
bahamas_population_by_district_2010-9,3.2137159105800004,0.04140642751757504,3.2136656065800002,3.1153356800000003,0.08733321999999999,3.16778816908,3.29740083508,9
bahamas_population_by_district_2010-10,3.18464585238,0.00877707825183098,3.18799068958,3.08329558,0.09069722,3.1714134610799998,3.1962494600799998,10
bahamas_population_by_district_2010-11,3.15674720638,0.01796217146611553,3.15607154358,3.0537378799999995,0.09233482,3.12255575208,3.1930070860799997,11
bahamas_population_by_district_2010-12,3.19429332318,0.018749189498644094,3.1973700440800004,3.08215248,0.10000292,3.15029375208,3.22003958608,12
bahamas_population_by_district_2010-13,3.2768536981799996,0.030732161090331108,3.26609856458,3.16965988,0.09436552,3.24565621108,3.32941112708,13
bahamas_population_by_district_2010-14,4.02281854408,0.031160899628994532,4.0211788980800005,3.88580888,0.12333182000000001,3.98706575208,4.08460508608,14
bahamas_population_by_district_2010-15,6.18804563968,0.03107618806257354,6.18532668958,6.01067808,0.16080091999999999,6.14832871008,6.23797612708,15
simplified_belgium_population_by_region_2022-5,0.46068578502,0.013142798542613923,0.45661913942,0.45021249999999996,0.006946559999999999,0.45043157692,0.49515636792,5
simplified_belgium_population_by_region_2022-6,0.08475676897882356,0.006155588446508936,0.08355153541999999,0.07876033529411763,0.004480307058823529,0.08242049392,0.11908511892,6
simplified_belgium_population_by_region_2022-7,0.10927676880461538,0.0011897924401400887,0.10916974342,0.10375156153846152,0.004476890769230768,0.10772432592,0.11226057692000001,7
simplified_belgium_population_by_region_2022-8,0.10897047715076921,0.0007253962595386499,0.10901597192000001,0.10358256153846149,0.004448659999999999,0.10780699292,0.11100486792,8
simplified_belgium_population_by_region_2022-9,0.10921266957384615,0.0010946216278330673,0.10914945192,0.10364894615384612,0.004591159999999999,0.10798361892,0.11348070192,9
simplified_belgium_population_by_region_2022-10,0.10933700765076924,0.0012479770605092898,0.10914197292,0.10361409999999999,0.004710352307692308,0.10795870092,0.11412961792000001,10
simplified_belgium_population_by_region_2022-11,0.90272061422,0.008844232131230574,0.8993749099200001,0.8298715999999999,0.06649046,0.8947267849200001,0.92530407692,11
simplified_belgium_population_by_region_2022-12,0.90569695982,0.0126072847100313,0.9032623264200002,0.8306208999999999,0.06591046000000002,0.8895741599200001,0.9290781599200001,12
simplified_belgium_population_by_region_2022-13,3.5036790640200004,0.02005463582544989,3.50526299342,3.3642229,0.12850156,3.4725227429200003,3.53564940992,13
simplified_belgium_population_by_region_2022-14,2.8757460308200002,0.019703278523206573,2.87478336842,2.7515511999999998,0.11207276,2.8503733269200002,2.9048583259200003,14
simplified_belgium_population_by_region_2022-15,2.87006503092,0.014817133702507174,2.86943068092,2.7490142999999994,0.11084905999999999,2.84993649292,2.8912418269200004,15
belgium_population_by_region_2022-5,0.4885753683000001,0.0028717993181729545,0.48816862250000004,0.48038163999999994,0.007027059999999999,0.48280578850000005,0.49335528950000007,5
belgium_population_by_region_2022-6,0.09863318577586208,0.002395003267638509,0.09809583150000001,0.09291748137931034,0.004864528965517241,0.0970523305,0.11042808050000001,6
belgium_population_by_region_2022-7,0.11854493491666666,0.0010136970387108809,0.11816074700000001,0.11243844833333333,0.005160418333333334,0.11714137250000001,0.1213568725,7
belgium_population_by_region_2022-8,0.12017353054166667,0.0068073315093339914,0.11880306050000002,0.11285294833333333,0.005520710000000001,0.11652124750000001,0.1516137055,8
belgium_population_by_region_2022-9,0.11895634825000001,0.0016076805205169319,0.11842218550000001,0.11263148999999999,0.0054174183333333325,0.11741166350000001,0.12463758050000003,9
belgium_population_by_region_2022-10,0.11843211558333333,0.0008322200574242425,0.1182426225,0.11226436500000002,0.005318043333333334,0.11745766450000002,0.12036953950000001,10
belgium_population_by_region_2022-11,0.10977432765384618,0.00629356250483766,0.10821881050000001,0.10240620153846153,0.005591959999999998,0.10685428950000002,0.1400864975,11
belgium_population_by_region_2022-12,0.9113737392999999,0.008675204008109047,0.9093809355,0.8359273399999999,0.06701846,0.8993452065,0.9295804975,12
belgium_population_by_region_2022-13,3.6290602890000003,0.017132474106862493,3.62878356,3.48621444,0.13205296,3.6068694975,3.6655013305,13
belgium_population_by_region_2022-14,3.6278211559,0.016786380528516758,3.6281327475,3.4829165400000006,0.13202676,3.6002603305,3.6505946225,14
belgium_population_by_region_2022-15,2.9653790182,0.01640714602667188,2.9594288310000003,2.8332049400000003,0.12060265999999997,2.9480870815,3.0012994975,15
brazil_population_by_state_2021-5,1.2441068684399998,0.01841813532813543,1.23863316834,1.2210834599999998,0.019226339999999998,1.22800266834,1.29128508534,5
brazil_population_by_state_2021-6,1.1604860642400001,0.014300522808127335,1.1547867523400002,1.13718496,0.019703839999999997,1.14742912634,1.19544725134,6
brazil_population_by_state_2021-7,1.01662088934,0.012578188694443661,1.01429775184,0.9939443600000001,0.019197139999999998,1.00114400234,1.04337425134,7
brazil_population_by_state_2021-8,0.8955322100400002,0.013875504906958658,0.89007435584,0.87247436,0.01895654,0.88157091834,0.92591404334,8
brazil_population_by_state_2021-9,0.80925811014,0.01386154793093908,0.8063424183400001,0.7871089599999999,0.018645139999999998,0.7971327103400001,0.8464346263400001,9
brazil_population_by_state_2021-10,0.6896002808399999,0.005864528589441047,0.6888734593400001,0.6706553599999999,0.017407939999999997,0.68295987634,0.70080071034,10
brazil_population_by_state_2021-11,0.6720886766399999,0.01033677085377346,0.6698233763400001,0.6502872599999999,0.018409839999999997,0.66125366834,0.69741912734,11
brazil_population_by_state_2021-12,0.6665876767400001,0.010607433554574285,0.66457837684,0.64617616,0.016192639999999998,0.65595758534,0.69023054334,12
brazil_population_by_state_2021-13,0.6763964392400001,0.014878915291291553,0.6704662933400001,0.65768206,0.01511244,0.66738750134,0.71634858534,13
brazil_population_by_state_2021-14,0.6744158475400001,0.0061387627794545555,0.67246845984,0.6585994599999999,0.01443294,0.66870537634,0.68843471034,14
brazil_population_by_state_2021-15,0.7173580724399999,0.012411209453504216,0.71274075184,0.69474036,0.019047639999999998,0.70453791834,0.7425816683400001,15
china_population_by_province_2020-5,1.33170822678,0.02386080088754601,1.32124935578,1.3020853,0.02297428,1.3134891682799998,1.3906953762799998,5
china_population_by_province_2020-6,1.1235692515799998,0.009853665322550947,1.12307227278,1.1022095999999997,0.01993508,1.1125926682799998,1.14473950128,6
china_population_by_province_2020-7,1.1407442390799998,0.036238655736060735,1.12453702228,1.1114789,0.02255728,1.1082692512799999,1.2061722932799999,7
china_population_by_province_2020-8,1.0226534515799997,0.01813924097548606,1.0163336472799998,0.9971679999999999,0.02125208,1.0024472092799999,1.0625554602799998,8
china_population_by_province_2020-9,0.98798024318,0.01230664624801546,0.9819018347800001,0.9656542999999997,0.02035498,0.9732847102800001,1.0110450012799999,9
china_population_by_province_2020-10,0.8596822806800001,0.013713653344061567,0.8550682517800001,0.8350118,0.02073908,0.8473715432800001,0.8946800852800001,10
china_population_by_province_2020-11,0.86546786828,0.02361600621235849,0.8579556057800001,0.8368504000000001,0.02210778,0.8454372102800001,0.9222447932800001,11
china_population_by_province_2020-12,0.75123495158,0.011444248915379825,0.7488966892800001,0.7299892,0.01971358,0.73827016828,0.77883433428,12
china_population_by_province_2020-13,0.87339539328,0.013673383120681408,0.8691830637800001,0.8467302,0.02327758,0.8592265852800001,0.90143375128,13
china_population_by_province_2020-14,6.48598183498,0.03282843116650455,6.49027516828,6.2776708,0.18995877999999997,6.43532462628,6.53516791828,14
china_population_by_province_2020-15,6.486390326579999,0.023642805254140024,6.49352468928,6.2733662,0.19226208,6.44858379328,6.52533571028,15
conterminous_usa_population_by_state_2020-5,0.7513791486600001,0.011565422484965962,0.74912686526,0.7322375600000001,0.01563846,0.7420065532600001,0.78156276126,5
conterminous_usa_population_by_state_2020-6,0.6363470816600001,0.0071850427565863,0.63308790676,0.62090806,0.014065659999999999,0.62950555226,0.64825713626,6
conterminous_usa_population_by_state_2020-7,0.6396363402600002,0.015795343299536198,0.63402407326,0.62073306,0.01541926,0.63067655326,0.68281051126,7
conterminous_usa_population_by_state_2020-8,0.57029577336,0.006250144245263348,0.5680314897600001,0.55353106,0.015357260000000001,0.5645294282600001,0.58427863526,8
conterminous_usa_population_by_state_2020-9,0.57721635686,0.014988599682825334,0.57420034476,0.55784676,0.015467059999999996,0.56323234426,0.61577771926,9
conterminous_usa_population_by_state_2020-10,0.5245589733600001,0.009898517498951587,0.52038786476,0.50605106,0.015194059999999999,0.51607484426,0.54767480226,10
conterminous_usa_population_by_state_2020-11,0.53461538586,0.01898938864524542,0.54557194826,0.51812746,0.014923659999999997,0.50847801126,0.55561276126,11
conterminous_usa_population_by_state_2020-12,0.5300030150600001,0.027993658761024585,0.51670834426,0.51098986,0.015438459999999998,0.50200226126,0.58791867826,12
conterminous_usa_population_by_state_2020-13,0.5817370900600001,0.005274135428314116,0.58066299026,0.56522356,0.015195759999999999,0.5750480102600001,0.59212938626,13
conterminous_usa_population_by_state_2020-14,0.59071956486,0.015989568802520546,0.5856321147600001,0.57036516,0.01663266,0.57908292726,0.63212451026,14
conterminous_usa_population_by_state_2020-15,0.61665666106,0.013318952716047563,0.61091513626,0.59548996,0.017723259999999998,0.60567367726,0.65019363626,15
usa_population_by_county_2021-5,272.37336416434005,67.03115234610304,272.67164995613996,269.68345466,1.9322493599999997,182.95114626864,380.32154514364,5
usa_population_by_county_2021-6,106.14590649734001,30.72594668472377,93.01338178914,104.83531716,1.0381235599999998,82.82299285164,180.57556693464002,6
usa_population_by_county_2021-7,52.49293699294001,8.072647369491449,49.75565080964,51.701114659999995,0.67444466,42.062456559640005,62.89454218464,7
usa_population_by_county_2021-8,38.829454093340004,4.252189803841153,38.47169358064001,38.12956406,0.61113216,32.140087976640004,47.198167434640006,8
usa_population_by_county_2021-9,46.823377759740005,7.2311558423485005,44.44910022664,45.977024359999994,0.74090056,38.031473809640005,59.96027868464,9
usa_population_by_county_2021-10,63.350042093339994,6.346912237711243,62.378285393140004,62.20548296,1.00465086,55.69123214364,75.32366276863999,10
usa_population_by_county_2021-11,120.82938716255998,7.842732784940286,122.95267084605999,118.60475120000001,1.9639400999999999,106.40504913756,128.73174001256
usa_population_by_county_2021-12,NA,NA,NA,NA,NA,NA,12
usa_population_by_county_2021-13,NA,NA,NA,NA,NA,NA,13
usa_population_by_county_2021-14,NA,NA,NA,NA,NA,NA,14
usa_population_by_county_2021-15,NA,NA,NA,NA,NA,NA,15
croatia_covid_cases_by_county_2022-5,0.57236564654,0.006718525741281119,0.57155655894,0.55833088,0.011045,0.56491282994,0.5883530799400001,5
croatia_covid_cases_by_county_2022-6,0.33832767974,0.0035188146162579946,0.33667026694,0.32870237999999996,0.0084724,0.33493082994000006,0.34443632994000006,6
croatia_covid_cases_by_county_2022-7,0.37345197584,0.012879138116072488,0.36799062194000004,0.3593183799999999,0.0107682,0.36628907994000004,0.40701570494000006,7
croatia_covid_cases_by_county_2022-8,0.36900808404,0.003148915982736718,0.36744518394000003,0.35794828,0.009745299999999998,0.36567428794000006,0.3740549549400001,8
croatia_covid_cases_by_county_2022-9,0.37086645094000004,0.0037901694268303553,0.3695354339400001,0.36048478,0.0092363,0.36558170494000003,0.37761162194000003,9
croatia_covid_cases_by_county_2022-10,0.27084729254000006,0.0027622723927781326,0.26987776744,0.26213048,0.007655200000000001,0.26806270494000006,0.27654399694000004,10
croatia_covid_cases_by_county_2022-11,0.34616757584,0.01689783882069791,0.33765776744000003,0.32956657999999994,0.010889,0.33511824694000003,0.38161532994,11
croatia_covid_cases_by_county_2022-12,0.3305871718400001,0.001987483891186844,0.33022893444,0.32017007999999997,0.0094405,0.3282447049400001,0.33413137194000003,12
croatia_covid_cases_by_county_2022-13,0.36018152994,0.0017131257674808682,0.3602105589400001,0.34917477999999996,0.0101229,0.35786824694,0.36279941294000007,13
croatia_covid_cases_by_county_2022-14,0.36346073404000007,0.0058731020200605485,0.36068551744000005,0.35162658,0.010706099999999998,0.35848549694000004,0.37574803794000006,14
croatia_covid_cases_by_county_2022-15,0.30849051754,0.0033843310456903196,0.30689524694000003,0.29778597999999995,0.009503099999999999,0.30508182994000005,0.31486320494000003,15
croatia_population_by_county_2021-5,0.39689444302,0.0035768488727871434,0.39537913032,0.3871577599999999,0.0086794,0.39427463082,0.40592229682000003,5
croatia_population_by_county_2021-6,0.24645528357,0.002485130066527017,0.24600785981999998,0.2379404766666667,0.007644499999999999,0.24324171382000004,0.25120200582,6
croatia_population_by_county_2021-7,0.24735400591090914,0.0034473191886510747,0.24598933981999999,0.23904405999999997,0.007502045454545455,0.24417546382,0.25505367182,7
croatia_population_by_county_2021-8,0.24599382018363639,0.002961089200444506,0.24498108882000003,0.23785178727272724,0.007388590909090911,0.24285192282,0.25113392282,8
croatia_population_by_county_2021-9,0.2531223982366667,0.01425512930717499,0.24753729782,0.23913180999999994,0.009311666666666666,0.24457842282000003,0.28779908982,9
croatia_population_by_county_2021-10,0.29855432652,0.0024284289189543504,0.29775519332,0.28952316,0.0082674,0.29598625582,0.30355708882,10
croatia_population_by_county_2021-11,0.27889926002000004,0.0027701744555406974,0.27835873481999995,0.26974395999999995,0.008331400000000001,0.27506079782,0.28278250582000003,11
croatia_population_by_county_2021-12,0.27899476401999995,0.0032401407507340633,0.27820704681999997,0.26980296,0.0084086,0.27561771382,0.28568654682,12
croatia_population_by_county_2021-13,0.34235540582,0.0018967148803308983,0.34206910982000005,0.33190426,0.009639299999999998,0.33933950582,0.34560704682,13
croatia_population_by_county_2021-14,0.34894311002,0.011427728837262558,0.34635650582,0.33383675999999995,0.0114452,0.34012063082,0.37985988082,14
croatia_population_by_county_2021-15,0.34418408502000003,0.003734912768914326,0.34276535982,0.33316796000000004,0.010149799999999999,0.34097529782,0.35209704782,15
egypt_population_by_governate_2017-5,2.3358374475,0.03205635841147425,2.3367146472,2.3009876600000005,0.027096779999999997,2.2942593767,2.3813834187,5
egypt_population_by_governate_2017-6,1.2849747643000002,0.011726431379188228,1.2831594602,1.26364296,0.018077580000000003,1.2712554597,1.3121820017,6
egypt_population_by_governate_2017-7,1.2246334099000002,0.01353944103843404,1.2209380431999999,1.20429876,0.01641248,1.2096298347,1.2545460437,7
egypt_population_by_governate_2017-8,1.1395951392,0.011743500106812072,1.1352101892,1.1180812599999999,0.018207679999999997,1.1289690017,1.1648257937,8
egypt_population_by_governate_2017-9,1.0556626725,0.019487773134162483,1.0466425432,1.0314728599999998,0.01867348,1.0408395437,1.0903604597,9
egypt_population_by_governate_2017-10,1.0257832893,0.01319242575982516,1.0221248142000001,1.0037860600000001,0.018414579999999996,1.0130830857,1.0535577937,10
egypt_population_by_governate_2017-11,0.7467259976999999,0.008136069873503822,0.7444986892000001,0.72988336,0.015427979999999999,0.7379152107000001,0.7592015437,11
egypt_population_by_governate_2017-12,0.8742495559000002,0.014665551614876735,0.8693099812,0.85220106,0.018702279999999998,0.8624327517000001,0.9107905427,12
egypt_population_by_governate_2017-13,0.6532416435,0.015744573334825904,0.6443333557,0.6339229599999999,0.01503098,0.6409904607000001,0.6895548767,13
egypt_population_by_governate_2017-14,0.7469935974,0.012449874600561706,0.7419322097000001,0.7263779599999999,0.01723768,0.7346435017,0.7718867517000001,14
egypt_population_by_governate_2017-15,0.8052036560000001,0.0098815824293492,0.8026290847,0.7876091599999999,0.01626838,0.7980299187000001,0.8314321687,15
england_population_by_region_2022-5,1.4994988824000002,0.018283779012057143,1.4960558073,1.4507427200000003,0.04022885999999999,1.4797889113,1.5421319533000002,5
england_population_by_region_2022-6,1.3004569907000003,0.013878559588264965,1.2964195153000002,1.2583238200000002,0.03778086,1.2782888703000002,1.3260534533000001,6
england_population_by_region_2022-7,1.3514471699000001,0.016957250175621507,1.3483116613000001,1.3039011200000001,0.04048686,1.3299754953,1.3815073703,7
england_population_by_region_2022-8,1.3474422240000001,0.00925320024964625,1.3484909948000001,1.30313172,0.04005805999999999,1.3312268283000002,1.3650147453,8
england_population_by_region_2022-9,1.3475934661,0.016547996307960097,1.3409209118,1.30589502,0.03712156,1.3262483703,1.3748518283000002,9
england_population_by_region_2022-10,1.3498146698000002,0.022227370238935226,1.3463350368000002,1.30390082,0.03899375999999999,1.3211154533,1.4003381203,10
england_population_by_region_2022-11,1.5151661866,0.011894564437763835,1.5185346823,1.4666655199999998,0.043567659999999994,1.4973803693,1.5293743703000002,11
england_population_by_region_2022-12,1.5209234243,0.015743146765073598,1.5177652658,1.46874022,0.04582455999999999,1.5048797453000002,1.5579597033,12
england_population_by_region_2022-13,1.4575836283,0.017863883604720826,1.4536739953000002,1.41133282,0.041395659999999994,1.4430389113000002,1.5044612033,13
england_population_by_region_2022-14,10.311996124100002,0.02084317686312321,10.3151339533,9.986814420000002,0.29765466000000007,10.2684643283,10.3471279533,14
england_population_by_region_2022-15,10.315398611700001,0.042837140422348374,10.3201397238,9.99137442,0.29832626,10.2428064953,10.3612051203,15
NUTS_population_by_country_2021-5,2.5641911795,0.49354690706931575,2.3967001839,2.3948935000000002,0.06288933999999999,2.3267497254,3.9512017254000003,5
NUTS_population_by_country_2021-6,1.8916280542,0.02702268032596257,1.8935221834,1.8288441,0.05412004,1.8454699754000001,1.9223858084,6
NUTS_population_by_country_2021-7,1.9171962123,0.07093282637642474,1.8894776624,1.8342435,0.05321003999999999,1.8533168494,2.0648343914000002,7
NUTS_population_by_country_2021-8,1.8957625457000002,0.02762028755972725,1.8911372874,1.8329822999999998,0.056822439999999995,1.8557277664000003,1.9326148914,8
NUTS_population_by_country_2021-9,1.8853526084000003,0.01962847927068355,1.8819711209,1.8227951,0.05646664,1.8604305174000002,1.9186573494,9
NUTS_population_by_country_2021-10,1.873986346,0.03809362150853762,1.8645438089000002,1.8142631999999999,0.05619794,1.8305358504,1.9504701004,10
NUTS_population_by_country_2021-11,1.9917889624000005,0.038629934585689085,1.9835512459000002,1.9228302,0.05729283999999999,1.9354479754000002,2.0852228504,11
NUTS_population_by_country_2021-12,1.9137954582999999,0.02525433288893629,1.9052043289,1.8477003999999997,0.05975574,1.8858130164000002,1.9659915174,12
NUTS_population_by_country_2021-13,5.9757328125,0.04230510035283322,5.964483329399999,5.7495575,0.20781223999999998,5.9329580164,6.0571957244,13
NUTS_population_by_country_2021-14,7.4217288125,0.021281346362282495,7.4236588294,7.159652199999999,0.24251433999999997,7.3944541834,7.4667496004,14
NUTS_population_by_country_2021-15,2.0680590583,0.022536217295951375,2.0648295164,1.9939179999999996,0.06793313999999999,2.0399166834,2.1102707254,15
NUTS_population_by_region_2020-5,23.7141341166,2.8162274724536305,24.889608737299998,23.3666257,0.28388802,16.087937383299998,25.1094530923,5
NUTS_population_by_region_2020-6,17.295796920900003,4.087076193077358,19.5388462588,17.0198903,0.23664051999999997,11.272823633300002,21.2477763413,6
NUTS_population_by_region_2020-7,10.780231812600002,0.4133931222687314,10.6043642168,10.546320399999999,0.20313372,10.1830984663,11.3036539673,7
NUTS_population_by_region_2020-8,6.249729287599999,0.8716129910876135,6.3772894253,6.0809383,0.15155541999999994,5.1140473833,7.4789584673,8
NUTS_population_by_region_2020-9,5.490439633399999,0.5110608933508137,5.3890841128,5.3462305,0.12822012,4.8885347173,6.4710578412999995,9
NUTS_population_by_region_2020-10,4.0422858124,0.5776231759151027,3.8929501748,3.9320009999999996,0.09785222,3.4848313423,5.3341114243,10
NUTS_population_by_region_2020-11,5.7207435875,0.5483766879281547,5.9774927168000005,5.5411962,0.16151501999999998,4.4625566333,6.2958008833,11
NUTS_population_by_region_2020-12,7.101450466699999,1.070357916306743,7.2281319457999995,6.8847179999999994,0.19931011999999998,4.5736749663,8.108820299300001,12
NUTS_population_by_region_2020-13,10.3499315959,0.5015721752242613,10.2275086543,10.046840900000001,0.27565372,9.830817258300002,11.0891395913,13
NUTS_population_by_region_2020-14,8.9839325541,3.3479676207826823,10.1481847793,8.6945851,0.19759812,4.3084130493,13.5169964253,14
NUTS_population_by_region_2020-15,10.536500150000002,4.531791250169687,9.198354570800001,10.2356493,0.26035742,4.6822314253,18.1623977583,15
france_population_by_metropolitan_region_2008-5,0.53131339488,0.01290942970661333,0.5269366907800002,0.51686326,0.01109834,0.5201270452800001,0.5616626282800001,5
france_population_by_metropolitan_region_2008-6,0.37651196988,0.011941807236172788,0.37271508628,0.36238706,0.010551839999999998,0.37088387828,0.41009925328,6
france_population_by_metropolitan_region_2008-7,0.40247044467999993,0.004061160578098129,0.40107164878,0.39052795999999995,0.01061724,0.39782571128,0.41075379428000003,7
france_population_by_metropolitan_region_2008-8,0.40072857838000003,0.0027510994042313154,0.40025346178,0.38920476,0.01016394,0.39685821128,0.40737621128,8
france_population_by_metropolitan_region_2008-9,0.40524543658,0.012338415126768915,0.39960635728,0.39067306,0.01122414,0.39722637828,0.43839479528,9
france_population_by_metropolitan_region_2008-10,0.35168472407999996,0.0043836508641149265,0.35027223228,0.33968866,0.01070014,0.34682796128,0.35955004528,10
france_population_by_metropolitan_region_2008-11,1.85031614928,0.013625793926463249,1.84484483678,1.75098186,0.08999154000000001,1.8327187122800002,1.87342125328,11
france_population_by_metropolitan_region_2008-12,1.76458944508,0.015674413380167354,1.7619446282800002,1.6679005599999996,0.08928414,1.7474642952800001,1.79441037828,12
france_population_by_metropolitan_region_2008-13,4.50834194898,0.029042304613931206,4.5045506487799996,4.33395296,0.15572294,4.4676587112799995,4.55366642028,13
france_population_by_metropolitan_region_2008-14,4.50153145318,0.01918087824900389,4.499063940779999,4.32935756,0.15611454,4.47052525328,4.523049461279999,14
france_population_by_metropolitan_region_2008-15,4.497530136579999,0.016603419395010355,4.50117002378,4.32494606,0.15590684000000002,4.464273211279999,4.518982545279999,15
germany_population_by_state_2011-5,0.5433827251000001,0.012529188912869901,0.540987713,0.5288540799999999,0.011157459999999998,0.533971358,0.576366942,5
germany_population_by_state_2011-6,0.32462999570000006,0.0029861177796160596,0.32372881650000007,0.3150930799999999,0.008265759999999999,0.32153527500000006,0.328996608,6
germany_population_by_state_2011-7,0.32584445,0.0044730352312206175,0.32420277550000004,0.31612598,0.00848416,0.32114260800000005,0.33506865,7
germany_population_by_state_2011-8,0.3257896670000001,0.004369497896436867,0.32436644150000005,0.31666678,0.00789386,0.321548484,0.335255275,8
germany_population_by_state_2011-9,0.3299290664,0.011088994933485658,0.32813023350000003,0.31690567999999997,0.009768559999999999,0.32180065,0.35944244100000006,9
germany_population_by_state_2011-10,0.22131612138461537,0.0018190974545299284,0.220660734,0.2129225646153846,0.007151452307692308,0.21957627500000002,0.22598752500000002,10
germany_population_by_state_2011-11,1.1063926415000003,0.010870054014053991,1.105881775,1.02811798,0.07039866,1.092265316,1.1239672330000001,11
germany_population_by_state_2011-12,1.0167921167,0.013359614699228688,1.0113130250000002,0.94102078,0.06917146,1.004895067,1.04384915,12
germany_population_by_state_2011-13,4.9495734333,0.02117457504853626,4.9412567334999995,4.776861779999999,0.15753745999999996,4.923402358,4.977135484000001,13
germany_population_by_state_2011-14,4.2797937039,0.01660238875636465,4.2764934834999995,4.121581379999999,0.14499325999999998,4.259137192,4.305968316,14
germany_population_by_state_2011-15,0.2654208698181819,0.010075969792714374,0.26614898300000006,0.2527698163636363,0.009600487272727273,0.25715456700000006,0.29319985800000004,15
indonesia_population_by_province_2024-5,0.50557894016,0.012818621767112244,0.5017725523600001,0.4905019599999999,0.0112538,0.49529684386000006,0.53878742786,5
indonesia_population_by_province_2024-6,0.5011724775600002,0.004129490806963845,0.50014063586,0.48917376,0.010537300000000001,0.4970099278600001,0.5094650108600001,6
indonesia_population_by_province_2024-7,0.50633256926,0.0103804279685926,0.50567232336,0.49081326000000003,0.011946299999999998,0.49567046886000005,0.53333405286,7
indonesia_population_by_province_2024-8,0.48971839396000005,0.003031063690070992,0.48912226086000005,0.47821455999999996,0.0100986,0.48542980286000004,0.49570880186000005,8
indonesia_population_by_province_2024-9,0.3794449650600001,0.0017992840300529974,0.37920738586,0.36923806,0.0088649,0.37761959486,0.38355492786000006,9
indonesia_population_by_province_2024-10,0.37692752746,0.0015391355519402707,0.37639640636000005,0.36682306000000003,0.0087913,0.37496542786000003,0.37947446986000005,10
indonesia_population_by_province_2024-11,0.35017929826000005,0.010620384255540684,0.34620819886,0.33678616,0.010059599999999998,0.34299555186,0.37835751086,11
indonesia_population_by_province_2024-12,0.29576056506000004,0.011560562867285212,0.29145788636000003,0.28320325999999996,0.0090595,0.28988963586000005,0.32770338586000003,12
indonesia_population_by_province_2024-13,0.30370027746,0.003956157295763216,0.30230809386,0.29350106,0.008970999999999998,0.29941451086000004,0.30943742786000006,13
indonesia_population_by_province_2024-14,0.47554982346,0.003983256604135392,0.4741758863600001,0.46226365999999997,0.0119925,0.47211601086000005,0.48596142786,14
indonesia_population_by_province_2024-15,1.1342007108599998,0.02280297314878901,1.12536551136,1.1040574600000002,0.0266331,1.11886321986,1.18729301086,15
japan_population_by_prefecture_2020-5,0.9870506841200003,0.015052131991984264,0.9834792378200001,0.9616548799999999,0.02180202,0.9763469463200001,1.02762394732,5
japan_population_by_prefecture_2020-6,0.8072109550200001,0.022312657930319033,0.8007329468200001,0.78263588,0.020444019999999997,0.78990169732,0.8663562383200001,6
japan_population_by_prefecture_2020-7,0.8064123674200001,0.014329016359513613,0.80274990532,0.7813045799999998,0.021594319999999993,0.7937736133200001,0.8430740713200001,7
japan_population_by_prefecture_2020-8,0.7984917132200001,0.005772683202305997,0.7968655088200001,0.7781128799999999,0.019061219999999997,0.7909703213200001,0.80748898832,8
japan_population_by_prefecture_2020-9,0.81475006352,0.020099216341850017,0.8091175718200001,0.7865275800000001,0.02190102,0.7943652803200001,0.85690323832,9
japan_population_by_prefecture_2020-10,0.65729187592,0.007298511368258175,0.6579549468200001,0.6381196800000001,0.017659519999999995,0.6497731963200001,0.66981894632,10
japan_population_by_prefecture_2020-11,0.66895573832,0.01885327438158061,0.6666560503200001,0.6471710799999999,0.017871019999999998,0.65272294632,0.7180885303200001,11
japan_population_by_prefecture_2020-12,0.6293399590200001,0.014755796320619453,0.62959948832,0.61028868,0.017654219999999998,0.61026373832,0.65587532132,12
japan_population_by_prefecture_2020-13,0.64798177572,0.01210989634387773,0.6463691548200001,0.6253709799999999,0.01937422,0.63613961332,0.6776896133200001,13
japan_population_by_prefecture_2020-14,0.6467879634200002,0.01928069196991265,0.64163950932,0.62288588,0.018860119999999998,0.6312708223200001,0.6990537803200001,14
japan_population_by_prefecture_2020-15,0.7734283510200001,0.016860806661279752,0.76798323832,0.74822708,0.021857419999999995,0.7583804053200001,0.8099737383200001,15
malaysia_population_by_state_2020-5,0.42741409348000003,0.004048479024710141,0.42621710168000004,0.41521968,0.010701159999999998,0.42229485168,0.43444151868,5
malaysia_population_by_state_2020-6,0.42718896007999996,0.004146997992092524,0.42504341418,0.41430417999999997,0.011492559999999999,0.42338151868,0.43546126768000004,6
malaysia_population_by_state_2020-7,0.42799144317999993,0.004228619129198969,0.42724978968000005,0.41636407999999986,0.010469459999999998,0.42282901768000003,0.43794480968000005,7
malaysia_population_by_state_2020-8,0.43197261828,0.011709388374135741,0.42869014318000004,0.41677668,0.01180996,0.42317814268000004,0.46435822668000004,8
malaysia_population_by_state_2020-9,0.35706561008,0.022246193175740506,0.35180647668,0.34226137999999995,0.01075886,0.34176568568,0.41746968568000004,9
malaysia_population_by_state_2020-10,0.38605489328,0.005355561412013003,0.38301889318000004,0.37309978,0.011711159999999998,0.38120368468000004,0.39416743468000004,10
malaysia_population_by_state_2020-11,0.3892185516800001,0.014544584704468538,0.38474931018,0.37361018,0.01244206,0.38089530968,0.43019993468,11
malaysia_population_by_state_2020-12,0.38709916408,0.003934760970973194,0.38584905968000005,0.37309628,0.01259746,0.38320064368,0.39450618468000004,12
malaysia_population_by_state_2020-13,0.43701026418,0.005641463290033928,0.43624972668,0.42290258,0.012808159999999999,0.42998956068,0.44944076868000005,13
malaysia_population_by_state_2020-14,0.43649936418,0.006703627646016679,0.43572187268,0.42390897999999994,0.011457559999999999,0.42883547668,0.45267868468,14
malaysia_population_by_state_2020-15,0.43928808488,0.01042449070708375,0.43547770518000006,0.42196257999999986,0.01398626,0.43252456068,0.46674047668,15
metropolitan_france_population_by_departement_2022-5,1.2523920093000003,0.02020713422335534,1.2490080592000001,1.22260164,0.02534498,1.2217419967,1.2966649557,5
metropolitan_france_population_by_departement_2022-6,1.1471471924999999,0.009835587087021898,1.1429047677000002,1.12012894,0.02320748,1.1348297467000001,1.1636474967000001,6
metropolitan_france_population_by_departement_2022-7,1.0416478927000001,0.020967381788803627,1.0328668097,1.01048334,0.02495428,1.0229872887,1.0808452887000002,7
metropolitan_france_population_by_departement_2022-8,1.0306226259,0.011954684563635291,1.0306376427000001,1.0031332400000001,0.024050879999999997,1.0126264967,1.0469505377000001,8
metropolitan_france_population_by_departement_2022-9,0.9916732132,0.011191548641100758,0.9911190802000001,0.96479754,0.02507928,0.9801505797000001,1.0205062877000002,9
metropolitan_france_population_by_departement_2022-10,0.9909075509,0.015740391057057632,0.9878435597,0.96065004,0.024312679999999996,0.9758006627000001,1.0257148307000001,10
metropolitan_france_population_by_departement_2022-11,1.0036917508000003,0.019691650837540216,1.0028873087,0.9742999399999999,0.025426079999999997,0.9784790387000001,1.0475235387000001,11
metropolitan_france_population_by_departement_2022-12,1.0247861425,0.018560633895310867,1.0161904347000001,0.9982592399999998,0.02455178,1.0075898717,1.0640722047000002,12
metropolitan_france_population_by_departement_2022-13,1.0255981091000002,0.02407832546988082,1.0231926217000002,0.99167434,0.02746848,1.0001785387000002,1.0853462877000002,13
metropolitan_france_population_by_departement_2022-14,1.0507732299,0.020522023594001213,1.0450216847,1.0191559399999999,0.027066979999999997,1.0354009547,1.1045424127,14
metropolitan_france_population_by_departement_2022-15,1.0946916092,0.014302585922210202,1.0963036847,1.0660210399999996,0.026764379999999997,1.0752163717,1.1186324137,15
russia_population_by_federal_subject_2010-5,2.6248276734599996,0.03543420756025347,2.62785883176,2.57341526,0.04242256,2.5635687692599998,2.68021326926,5
russia_population_by_federal_subject_2010-6,2.4304763149600004,0.16792532055740828,2.41827362326,2.37941456,0.04217236,2.22674176926,2.79141806026,6
russia_population_by_federal_subject_2010-7,2.06760061086,0.029592796846632435,2.05746753976,2.02670626,0.035169860000000004,2.04074564426,2.12318660226,7
russia_population_by_federal_subject_2010-8,1.86667723616,0.07252968749813209,1.88815281126,1.83723086,0.02589256,1.75361222726,1.96252626926,8
russia_population_by_federal_subject_2010-9,1.8247832691599999,0.1157359990446143,1.79459599876,1.78122436,0.03546726,1.72252297726,2.13225376926,9
russia_population_by_federal_subject_2010-10,1.48562830256,0.01831402229545036,1.48319543626,1.45251666,0.02932806,1.46846218626,1.53044697726,10
russia_population_by_federal_subject_2010-11,1.42843032756,0.041648745024728595,1.4335415402599998,1.3916934599999997,0.030776960000000003,1.36790476926,1.4764926862599999,11
russia_population_by_federal_subject_2010-12,2.17482049846,1.3324587502077219,1.36848858226,2.1044920599999997,0.06378426,1.31445772726,4.12540581126,12
russia_population_by_federal_subject_2010-13,4.12021710276,2.358078116642608,5.11900256126,3.9901481599999995,0.11844935999999999,1.46177726926,7.05461251926,13
russia_population_by_federal_subject_2010-14,6.51871568616,3.2433048007886827,8.22561604026,6.3268796599999995,0.17552886,1.85048564426,9.06723197826,14
russia_population_by_federal_subject_2010-15,4.39054184826,2.603445014367547,3.71525172776,4.25385686,0.12302285999999998,2.0327428522599997,9.13221685226,15
singapore_population_by_planning_area_2015-5,6.93436532912,0.052153625041785646,6.93587519582,6.82476446,0.09019885999999999,6.86673202882,7.04211752982,5
singapore_population_by_planning_area_2015-6,2.65949105412,0.02013235410027822,2.65383200832,2.6019858599999997,0.05005335999999999,2.63453573782,2.69252440382,6
singapore_population_by_planning_area_2015-7,2.99066394172,0.022088527374442724,2.98446788332,2.92823666,0.05356095999999999,2.96006294582,3.03612786282,7
singapore_population_by_planning_area_2015-8,2.46774879992,0.025703559205363994,2.45639075782,2.4089049599999997,0.04975545999999999,2.44164948782,2.5079789458199997,8
singapore_population_by_planning_area_2015-9,2.19256435862,0.029457826189902333,2.19737248782,2.14264496,0.045406459999999996,2.1546134048199996,2.23590344582,9
singapore_population_by_planning_area_2015-10,2.3376912707199997,0.026506356040087404,2.3290411123199997,2.2814226599999996,0.04699955999999999,2.30846669582,2.3779220288199996,10
singapore_population_by_planning_area_2015-11,4.17753955002,0.029432542333390762,4.18217129982,4.03318816,0.13087406,4.13083061282,4.223449695819999,11
singapore_population_by_planning_area_2015-12,3.6205243249200003,0.027630582098808684,3.62003292482,3.4867658599999998,0.11943745999999997,3.57848040382,3.66062127882,12
singapore_population_by_planning_area_2015-13,2.30428956242,0.019175114538070203,2.2963883413199997,2.25151556,0.047354959999999995,2.28458948682,2.3374973628199998,13
singapore_population_by_planning_area_2015-14,2.22948625022,0.027012152402016952,2.21748669632,2.17787336,0.04572285999999999,2.20259144582,2.27251702982,14
singapore_population_by_planning_area_2015-15,14.61727176672,0.05268430603545437,14.61308707082,14.216445159999997,0.36379786,14.52818798682,14.70301961282,15
switzerland_gdp_in_billion_chf_by_canton_2019-5,0.81603213496,0.014605289763553037,0.81598886436,0.79872428,0.013564699999999999,0.80053528086,0.8494892808600001,5
switzerland_gdp_in_billion_chf_by_canton_2019-6,0.60941817686,0.011699022182943691,0.60709084386,0.59384178,0.012231299999999999,0.59946036386,0.64065032286,6
switzerland_gdp_in_billion_chf_by_canton_2019-7,0.6091056806600001,0.005173205824648571,0.61032817686,0.59678638,0.010628599999999998,0.6011239888600001,0.61485090586,7
switzerland_gdp_in_billion_chf_by_canton_2019-8,0.5133237391600001,0.011732136245300343,0.50914244736,0.49729848,0.0126385,0.50462815586,0.54401632286,8
switzerland_gdp_in_billion_chf_by_canton_2019-9,0.51033645606,0.004979782029338101,0.50919634386,0.4980100799999999,0.010906299999999999,0.50442369786,0.52190715586,9
switzerland_gdp_in_billion_chf_by_canton_2019-10,0.44611999346,0.0030464630083619493,0.44572686436,0.43420428,0.010573299999999999,0.44212111386,0.45144048886,10
switzerland_gdp_in_billion_chf_by_canton_2019-11,0.44625168095999995,0.01364597005081019,0.44042544786000004,0.43040177999999996,0.0122641,0.43659890586,0.48280769786,11
switzerland_gdp_in_billion_chf_by_canton_2019-12,0.5051598222600001,0.012295984003760398,0.50130511386,0.48833468,0.013549399999999998,0.49812478086,0.53914948886,12
switzerland_gdp_in_billion_chf_by_canton_2019-13,0.5012931683599999,0.006035613871873336,0.49833455186,0.48734518,0.012609199999999997,0.49607194786,0.51175811386,13
switzerland_gdp_in_billion_chf_by_canton_2019-14,0.54741046416,0.012608073289375483,0.54712548886,0.53017558,0.0139309,0.53569394686,0.57763957286,14
switzerland_gdp_in_billion_chf_by_canton_2019-15,0.54115892686,0.006247176912554869,0.53863201036,0.52736228,0.012512,0.53506036386,0.55246578086,15
switzerland_population_by_canton_2016-5,0.6284691574,0.005381074865894668,0.6275016532000001,0.6143606,0.012656220000000001,0.6209469037,0.6362051117,5
switzerland_population_by_canton_2016-6,0.4792224699,0.022443484706724182,0.47021934120000003,0.4620943999999999,0.01140862,0.4629460697,0.5291209867000001,6
switzerland_population_by_canton_2016-7,0.46930458669999997,0.004038909139038743,0.4696122992,0.4580227,0.01006412,0.4636539457,0.47511940370000005,7
switzerland_population_by_canton_2016-8,0.46870844930000005,0.005618866692123778,0.4669535282,0.45663729999999997,0.010734819999999997,0.46298206970000005,0.48183415370000005,8
switzerland_population_by_canton_2016-9,0.4242578743,0.012131621643644529,0.4215647992,0.409153,0.01163502,0.41501519570000006,0.4559089867,9
switzerland_population_by_canton_2016-10,0.3885690575,0.004917194311560076,0.3874132572,0.37705829999999996,0.00974462,0.38313856970000004,0.3955871537,10
switzerland_population_by_canton_2016-11,0.3925070408000001,0.004129716306606928,0.3912122362,0.38078779999999995,0.01049732,0.38956752870000005,0.4032123617,11
switzerland_population_by_canton_2016-12,0.44514517830000006,0.003490274761520243,0.4442474242000001,0.4325894,0.011267019999999999,0.4414515277,0.45336161170000006,12
switzerland_population_by_canton_2016-13,0.45457554920000004,0.01747334342613509,0.44670875770000007,0.4345713,0.014135619999999998,0.4437431117,0.48932815370000005,13
switzerland_population_by_canton_2016-14,0.42735358640000004,0.006524677535820235,0.4242852157,0.4152285,0.010945220000000002,0.4224636527,0.44057431970000005,14
switzerland_population_by_canton_2016-15,0.4265923492,0.0025150162945980293,0.42580600720000006,0.41408999999999996,0.011301120000000001,0.42331219570000006,0.4321824027,15
tunisia_population_by_governate_2014-5,0.7541797317400001,0.014248232187830917,0.74996897784,0.73895412,0.01195856,0.74220368534,0.78860126934,5
tunisia_population_by_governate_2014-6,0.7480988318399999,0.00401486009595638,0.74784212334,0.73630632,0.01045456,0.74177714434,0.75489339434,6
tunisia_population_by_governate_2014-7,0.6599830692399999,0.012752376724879411,0.6552825818400001,0.6452096199999999,0.01145736,0.65215685234,0.69439643634,7
tunisia_population_by_governate_2014-8,0.46021691094,0.018399178956547354,0.45466733234000006,0.44552421999999997,0.01032286,0.45033722734000003,0.51200301934,8
tunisia_population_by_governate_2014-9,0.4368705193400001,0.005375907132021578,0.43758760284000003,0.42601052,0.00965276,0.43008718634000004,0.44361885234000004,9
tunisia_population_by_governate_2014-10,0.36452022774000004,0.013892057696517588,0.35941741534000005,0.35053281999999997,0.010708859999999999,0.35431406134000004,0.40079256134,10
tunisia_population_by_governate_2014-11,0.37028515284,0.00633327212239524,0.3691314573400001,0.35939622,0.00971456,0.36302022734000006,0.38139039434000005,11
tunisia_population_by_governate_2014-12,0.3686128860400001,0.005937703929206241,0.36590533234000006,0.35765072,0.00979996,0.36317043534000004,0.37756993634,12
tunisia_population_by_governate_2014-13,0.43531304854,0.004227409311274248,0.4345786233400001,0.42253641999999997,0.01148056,0.43031372734000006,0.44503422834000006,13
tunisia_population_by_governate_2014-14,0.43960720684,0.016814407320452057,0.43387599834,0.42420871999999993,0.01203436,0.42979560234,0.48582543634,14
tunisia_population_by_governate_2014-15,0.4399291152400001,0.010794900138409936,0.43763914434000006,0.4246793199999999,0.01183526,0.43159110334000006,0.46704397734,15
usa_population_by_state_2020-5,1.12613204676,0.01755284683988842,1.11940253366,1.09971412,0.02229304,1.11130551366,1.1688894306600002,5
usa_population_by_state_2020-6,0.8296706840600002,0.00851802271994189,0.8286683671600001,0.80844932,0.019699139999999997,0.81685797166,0.84628355466,6
usa_population_by_state_2020-7,0.83508322176,0.016659945540659908,0.83195222166,0.80787852,0.02144434,0.81776497166,0.86732638866,7
usa_population_by_state_2020-8,0.82556977176,0.011424842668700948,0.82198911766,0.8071967199999998,0.01690564,0.81131888866,0.8495680136600001,8
usa_population_by_state_2020-9,0.8107970800600001,0.01563644264973091,0.8064271176600001,0.79143952,0.01621614,0.79532909666,0.84827251366,9
usa_population_by_state_2020-10,0.78865412976,0.004900522873966391,0.7887934091600001,0.77058592,0.01677694,0.77767672166,0.7956506376600001,10
usa_population_by_state_2020-11,0.78215905496,0.019886326431130617,0.77731845066,0.7533659199999999,0.022996640000000002,0.76450888866,0.82293826366,11
usa_population_by_state_2020-12,0.7576377091600001,0.010570821159887443,0.75614955516,0.7351610199999998,0.02095404,0.74541892966,0.7802796386599999,12
usa_population_by_state_2020-13,0.76707475096,0.019278538723319517,0.76034778416,0.7425685199999998,0.02102954,0.7479358056600001,0.8088942216600001,13
usa_population_by_state_2020-14,0.9606510214600001,0.01604561857289986,0.9541144716600001,0.93128162,0.02571944,0.9421330136600001,0.9863699296600001,14
usa_population_by_state_2020-15,12.27624736326,1.1317850780824052,12.034345367159998,11.917296819999999,0.32805924000000003,10.678665346659999,13.94220522166,15
vietnam_population_by_province_2019-5,0.60067558072,0.007795512411947245,0.5998552511199999,0.5828903999999999,0.016638019999999996,0.59254660612,0.61552298012,5
vietnam_population_by_province_2019-6,0.6095669764199999,0.015170217096894064,0.60672200162,0.5892742,0.01735182,0.59151043912,0.64153477212,6
vietnam_population_by_province_2019-7,0.6044184266199999,0.012659558533297609,0.6022725226200001,0.5871787999999999,0.01624912,0.59377773112,0.63815731412,7
vietnam_population_by_province_2019-8,0.60066931832,0.011469851394119,0.5980488766200001,0.5837427999999999,0.015872519999999998,0.58901814812,0.62872814812,8
vietnam_population_by_province_2019-9,0.58423116382,0.01927930255646735,0.57673310562,0.5603162,0.018523820000000003,0.56161635512,0.61737306412,9
vietnam_population_by_province_2019-10,0.57186072212,0.008006708801952032,0.5721867306199999,0.5547735999999999,0.016023120000000002,0.55904789712,0.58917752212,10
vietnam_population_by_province_2019-11,0.57888322262,0.005693238788985658,0.57952862662,0.5607083999999999,0.017048920000000002,0.56633914812,0.58618560612,11
vietnam_population_by_province_2019-12,0.61480286012,0.01644826802755241,0.60828293962,0.5929988999999998,0.018651119999999997,0.60136943912,0.65367356412,12
vietnam_population_by_province_2019-13,0.6367582266199999,0.004628599909211234,0.63511423112,0.6168538,0.018596820000000003,0.63031506412,0.64622343912,13
vietnam_population_by_province_2019-14,0.67193308492,0.01584963492573171,0.66469879312,0.6465916,0.02018772,0.66123514712,0.70702568912,14
vietnam_population_by_province_2019-15,3.94960927252,0.019528120827833288,3.94966773062,3.8134034000000008,0.12522931999999998,3.91739931412,3.98687510612,15
csv_ne50_antimeridian_minus169_brewer_pop-5,24.759723580120003,17.708505402491884,15.79736078392,24.423335220000002,0.27688275999999995,13.33740105442,67.58079163842,5
csv_ne50_antimeridian_minus169_brewer_pop-6,14.577146892719998,8.106969101315057,10.14328761792,14.326020619999998,0.20168106,9.426806472420001,32.517964221419994,6
csv_ne50_antimeridian_minus169_brewer_pop-7,10.190967176020001,5.091006700428427,6.951352888920001,9.992680119999998,0.17237945999999998,6.26538372142,20.075654388420002,7
csv_ne50_antimeridian_minus169_brewer_pop-8,18.83965068842,36.38789932719401,7.028164888420001,18.563491719999995,0.22809416,6.1986508464200005,122.33942222142,8
csv_ne50_antimeridian_minus169_brewer_pop-9,7.84301547592,1.5096184941034458,6.975522075920001,7.65441582,0.16719946,6.06205543042,10.24049030542,9
csv_ne50_antimeridian_minus169_brewer_pop-10,9.06051204662,0.8394807175325724,9.142209096920002,8.819640719999999,0.21841326,7.62571801342,10.53621667942,10
csv_ne50_antimeridian_minus169_brewer_pop-11,11.41071085532,4.0484063501960215,9.53926605542,11.001014419999999,0.25613885999999997,7.17393472142,19.54695813842,11
csv_ne50_antimeridian_minus169_brewer_pop-12,13.498624292719999,2.789969331803267,13.18626405492,13.14917232,0.31778256000000005,8.27638088842,17.96571013842,12
csv_ne50_antimeridian_minus169_brewer_pop-13,NA,NA,NA,NA,NA,NA,13
csv_ne50_antimeridian_minus169_brewer_pop-14,NA,NA,NA,NA,NA,NA,14
csv_ne50_antimeridian_minus169_brewer_pop-15,NA,NA,NA,NA,NA,NA,15
world_population_by_country_2010-5,12.54190548006,6.743217338238184,10.28799359216,12.284753319999998,0.14724141999999998,9.12756415466,31.56868873866,5
world_population_by_country_2010-6,10.710482442460002,7.66035822289748,7.65939609266,10.54669872,0.14022762,5.71204515566,25.717101279660003,6
world_population_by_country_2010-7,6.18925205486,2.38983377725773,5.057169613159999,6.076460119999999,0.09787712,4.77598927966,11.05724665466,7
world_population_by_country_2010-8,6.53885212996,2.515762626629986,5.19251309266,6.410561820000001,0.10701441999999999,4.97700652966,11.97017186366,8
world_population_by_country_2010-9,5.09122540906,1.437794069132397,4.486672759159999,4.989236119999999,0.08878072000000001,4.03841382166,8.66759252966,9
world_population_by_country_2010-10,5.0936371092599995,1.0810161970398278,4.595777634659999,4.95781102,0.11414191999999998,4.156678654659999,7.19671323866,10
world_population_by_country_2010-11,5.13534000916,1.0671727729706697,4.69192234216,4.99675812,0.11738362,4.05437973866,6.9893994056599995,11
world_population_by_country_2010-12,5.76540797996,1.7696097621321099,6.20305707166,5.607121020000001,0.13715302000000001,3.7616352386600003,8.43263315466,12
world_population_by_country_2010-13,12.826498242560001,1.6749329383559253,12.91657040516,12.499180719999998,0.29190841999999995,9.61345561366,15.40736344666,13
world_population_by_country_2010-14,11.87075576326,2.636560723198656,12.23255313416,11.57535422,0.26285472000000004,7.300672029659999,15.288897821659999,14
world_population_by_country_2010-15,NA,NA,NA,NA,NA,NA,15
csv_wo_antarctica_ne50_antimeridian_minus169_brewer_pop-5,26.95806854512,19.531033980758107,15.08877739952,26.60606752,0.28270586,13.92669562902,63.10626150302,5
csv_wo_antarctica_ne50_antimeridian_minus169_brewer_pop-6,16.283577882419998,8.256815937214165,15.43417421152,16.033631519999997,0.20133985999999998,8.219986045019999,27.42409600302,6
csv_wo_antarctica_ne50_antimeridian_minus169_brewer_pop-7,14.403841898919998,9.497452606918108,7.89718096102,14.143367519999998,0.21938945999999998,7.27932217002,32.91925212802,7
csv_wo_antarctica_ne50_antimeridian_minus169_brewer_pop-8,6.41532706162,2.401123085535163,5.65528994052,6.277636419999999,0.11972636,5.34280287802,13.220431503019999,8
csv_wo_antarctica_ne50_antimeridian_minus169_brewer_pop-9,6.702599828320001,1.1729625923644302,6.78324052452,6.5386560199999995,0.14499985999999998,5.35109242002,8.32321208602,9
csv_wo_antarctica_ne50_antimeridian_minus169_brewer_pop-10,6.873155003519999,1.324805145328339,6.08524669052,6.70991952,0.14501476,5.73972354502,9.134147087019999,10
csv_wo_antarctica_ne50_antimeridian_minus169_brewer_pop-11,8.65090429092,2.68843439389236,8.56005677452,8.421522219999998,0.20244955999999997,5.65309992002,12.098242211019999,11
csv_wo_antarctica_ne50_antimeridian_minus169_brewer_pop-12,14.01971052852,5.156513220293126,16.87559700352,13.659317419999999,0.32259796,6.56289104502,18.47957542002,12
csv_wo_antarctica_ne50_antimeridian_minus169_brewer_pop-13,18.27293003272,1.0706800973007857,18.380226878520002,17.79782002,0.41857296,16.03129433702,19.504654962020002,13
csv_wo_antarctica_ne50_antimeridian_minus169_brewer_pop-14,NA,NA,NA,NA,NA,NA,14
csv_wo_antarctica_ne50_antimeridian_minus169_brewer_pop-15,NA,NA,NA,NA,NA,NA,15
