AFFGEOID,Target Area
0500000US20161,71959.000000
0500000US19159,32926.061900
0500000US30009,32926.061900
0500000US16007,32926.061900
0500000US55011,32926.061900
0500000US31185,32926.061900
0500000US08037,55731.000000
0500000US42129,354663.000000
0500000US40079,48129.000000
0500000US48053,49130.000000
0500000US36017,47220.000000
0500000US20109,32926.061900
0500000US47053,50429.000000
0500000US27061,45014.000000
0500000US25017,1632002.000000
0500000US36119,1004457.000000
0500000US46093,32926.061900
0500000US54107,84296.000000
0500000US19021,32926.061900
0500000US47021,41072.000000
0500000US05019,32926.061900
0500000US51105,32926.061900
0500000US27013,69112.000000
0500000US56033,32926.061900
0500000US22087,43764.000000
0500000US19015,32926.061900
0500000US39035,1264817.000000
0500000US45027,32926.061900
0500000US41035,69413.000000
0500000US45015,229861.000000
0500000US25005,579200.000000
0500000US25015,162308.000000
0500000US49025,32926.061900
0500000US37127,94970.000000
0500000US44007,660741.000000
0500000US42111,74129.000000
0500000US45059,67539.000000
0500000US48057,32926.061900
0500000US49017,32926.061900
0500000US48341,32926.061900
0500000US27167,32926.061900
0500000US48185,32926.061900
0500000US05073,32926.061900
0500000US49047,35620.000000
0500000US53043,32926.061900
0500000US25025,797936.000000
0500000US36025,44308.000000
0500000US06059,3186989.000000
0500000US36115,61302.000000
0500000US37043,24332.105564
0500000US06111,843843.000000
0500000US46127,32926.061900
0500000US13021,157346.000000
0500000US41051,815428.000000
0500000US48035,32926.061900
0500000US17017,32926.061900
0500000US13049,32926.061900
0500000US29033,32926.061900
0500000US31157,36084.000000
0500000US26119,32926.061900
0500000US09011,268555.000000
0500000US13283,22081.233581
0500000US37119,1115482.000000
0500000US54043,32926.061900
0500000US45035,161540.000000
0500000US34041,109632.000000
0500000US12095,1429908.000000
0500000US47001,77123.000000
0500000US05021,32926.061900
0500000US24047,52460.000000
0500000US27145,158292.000000
0500000US48471,76400.000000
0500000US24003,588261.000000
0500000US30059,32926.061900
0500000US22053,32926.061900
0500000US22055,241753.000000
0500000US39043,75622.000000
0500000US01033,57227.000000
0500000US38105,40950.000000
0500000US22011,36549.000000
0500000US48407,32926.061900
0500000US13309,32926.061900
0500000US13279,32926.061900
0500000US24033,967201.000000
0500000US29143,32926.061900
0500000US42097,91647.000000
0500000US17129,32926.061900
0500000US12125,27082.168859
0500000US28079,32926.061900
0500000US31091,32926.061900
0500000US41043,128610.000000
0500000US13077,146158.000000
0500000US29087,32926.061900
0500000US10005,237378.000000
0500000US06063,32926.061900
0500000US12069,383956.000000
0500000US42131,32926.061900
0500000US51163,32926.061900
0500000US22113,57359.000000
0500000US51001,33413.000000
0500000US51099,26723.000000
0500000US38037,32926.061900
0500000US18179,32926.061900
0500000US32031,486492.000000
0500000US38035,73170.000000
0500000US19045,46460.000000
0500000US22119,36967.000000
0500000US21093,110702.000000
0500000US22081,32926.061900
0500000US22107,32926.061900
0500000US47173,26595.750506
0500000US51185,40429.000000
0500000US40087,41662.000000
0500000US17109,32926.061900
0500000US27083,32926.061900
0500000US46071,32926.061900
0500000US13153,163633.000000
0500000US42051,128804.000000
0500000US41021,32926.061900
0500000US01051,87977.000000
0500000US05041,32926.061900
0500000US17197,696355.000000
0500000US21119,32926.061900
0500000US13183,32926.061900
0500000US05061,32926.061900
0500000US12127,553543.000000
0500000US21025,32926.061900
0500000US20075,32926.061900
0500000US27139,150928.000000
0500000US27015,32926.061900
0500000US27053,1281565.000000
0500000US42027,158172.000000
0500000US37147,170243.000000
0500000US21017,32172.759954
0500000US45043,63404.000000
0500000US56029,32926.061900
0500000US21183,32926.061900
0500000US23023,36699.000000
0500000US19175,32926.061900
0500000US20149,32926.061900
0500000US19023,32926.061900
0500000US53021,96749.000000
0500000US21007,29982.238707
0500000US45031,62905.000000
0500000US22031,32926.061900
0500000US53071,62584.000000
0500000US01023,32926.061900
0500000US18157,186251.000000
0500000US48005,86395.000000
0500000US08059,582910.000000
0500000US08067,55638.000000
0500000US51029,32926.061900
0500000US26147,160383.000000
0500000US20031,32926.061900
0500000US54085,32926.061900
0500000US31007,32926.061900
0500000US48443,32926.061900
0500000US28121,157031.000000
0500000US04015,213267.000000
0500000US48421,32926.061900
0500000US30049,70973.000000
0500000US48101,32926.061900
0500000US51047,52552.000000
0500000US16031,32926.061900
0500000US08077,155703.000000
0500000US51179,156927.000000
0500000US16025,32926.061900
0500000US19143,32926.061900
0500000US51085,109979.000000
0500000US54021,32926.061900
0500000US40089,32926.061900
0500000US28001,32926.061900
0500000US28145,32926.061900
0500000US08035,357978.000000
0500000US26053,32926.061900
0500000US01109,33009.000000
0500000US51009,32926.061900
0500000US34021,387340.000000
0500000US47003,50237.000000
0500000US21013,32926.061900
0500000US40135,39281.000000
0500000US06015,32926.061900
0500000US13163,32926.061900
0500000US12105,725046.000000
0500000US55111,65763.000000
0500000US49051,34788.000000
0500000US41007,41072.000000
0500000US54017,32926.061900
0500000US16077,32926.061900
0500000US28051,32926.061900
0500000US48481,41570.000000
0500000US48479,267114.000000
0500000US28073,64222.000000
0500000US26047,34112.000000
0500000US26103,66017.000000
0500000US21239,26871.000000
0500000US47037,715884.000000
0500000US37007,32926.061900
0500000US37031,67686.000000
0500000US47143,32926.061900
0500000US26055,95238.000000
0500000US18071,46428.000000
0500000US34007,523485.000000
0500000US37163,59036.000000
0500000US48223,36787.000000
0500000US21203,32926.061900
0500000US54011,94350.000000
0500000US13261,32926.061900
0500000US08043,48939.000000
0500000US54071,32926.061900
0500000US16023,32926.061900
0500000US29113,59574.000000
0500000US54047,32926.061900
0500000US20067,32926.061900
0500000US12119,129752.000000
0500000US51131,32926.061900
0500000US48387,32926.061900
0500000US48377,32926.061900
0500000US31009,32926.061900
0500000US54033,65921.000000
0500000US01041,32926.061900
0500000US46055,32926.061900
0500000US46123,32926.061900
0500000US37131,32926.061900
0500000US51017,32926.061900
0500000US12073,292198.000000
0500000US30069,32926.061900
0500000US21063,25447.031802
0500000US55019,34659.000000
0500000US16005,87018.000000
0500000US45073,78607.000000
0500000US51081,32553.902898
0500000US08023,32926.061900
0500000US31005,32926.061900
0500000US22043,32926.061900
0500000US13313,102864.000000
0500000US30099,32926.061900
0500000US21229,32926.061900
0500000US22057,97557.000000
0500000US31103,32926.061900
0500000US28131,32926.061900
0500000US48501,32926.061900
0500000US56013,39234.000000
0500000US24025,260924.000000
0500000US06023,136463.000000
0500000US20069,32926.061900
0500000US13019,32926.061900
0500000US37053,31895.373439
0500000US13319,32926.061900
0500000US47065,366207.000000
0500000US16013,32926.061900
0500000US47097,32926.061900
0500000US06043,32926.061900
0500000US22099,51767.000000
0500000US21089,35962.000000
0500000US21071,35942.000000
0500000US49023,32926.061900
0500000US08091,32926.061900
0500000US38053,32926.061900
0500000US24015,103725.000000
0500000US13263,32926.061900
0500000US21107,45423.000000
0500000US48193,32926.061900
0500000US48389,32926.061900
0500000US13315,32926.061900
0500000US13229,32926.061900
0500000US47049,32926.061900
0500000US12047,32926.061900
0500000US53041,82149.000000
0500000US08001,519572.000000
0500000US13265,21364.055031
0500000US13311,28003.000000
0500000US26141,32926.061900
0500000US40013,46067.000000
0500000US05093,40685.000000
0500000US47187,247726.000000
0500000US48227,34860.000000
0500000US01107,32926.061900
0500000US47009,135280.000000
0500000US41005,421401.000000
0500000US22075,32926.061900
0500000US48267,32926.061900
0500000US37103,32926.061900
0500000US16069,42090.000000
0500000US29019,183610.000000
0500000US48015,32926.061900
0500000US22123,32926.061900
0500000US37085,133568.000000
0500000US13249,18215.303971
0500000US30085,32926.061900
0500000US13075,25211.788977
0500000US51137,36254.000000
0500000US51187,40727.000000
0500000US21011,31252.313939
0500000US48207,32926.061900
0500000US48383,32926.061900
0500000US47119,100974.000000
0500000US08111,32926.061900
0500000US48301,32926.061900
0500000US30089,32926.061900
0500000US54057,32926.061900
0500000US47127,14045.544971
0500000US47167,60970.000000
0500000US51199,70045.000000
0500000US48213,82150.000000
0500000US09001,957419.000000
0500000US48329,169983.000000
0500000US47035,61145.000000
0500000US47079,32926.061900
0500000US47121,23808.029728
0500000US47149,341486.000000
0500000US12093,39644.000000
0500000US47117,34318.000000
0500000US47163,158163.000000
0500000US47031,57889.000000
0500000US13209,26671.618717
0500000US48043,32926.061900
0500000US48039,372031.000000
0500000US25023,530819.000000
0500000US45003,168808.000000
0500000US20071,32926.061900
0500000US48465,47586.000000
0500000US36075,117525.000000
0500000US38095,32926.061900
0500000US17031,5275541.000000
0500000US06037,10014009.000000
0500000US39095,431279.000000
0500000US54059,32926.061900
0500000US39127,35408.000000
0500000US46041,32926.061900
0500000US04005,145101.000000
0500000US48125,32926.061900
0500000US05001,32926.061900
0500000US19177,32926.061900
0500000US27023,32926.061900
0500000US01087,32926.061900
0500000US05069,67260.000000
0500000US05091,42600.000000
0500000US06065,2418185.000000
0500000US06101,99633.000000
0500000US06113,216403.000000
0500000US08065,32926.061900
0500000US42005,65558.000000
0500000US13133,32926.061900
0500000US48289,32926.061900
0500000US20163,32926.061900
0500000US53005,206873.000000
0500000US45009,32926.061900
0500000US53011,503311.000000
0500000US51097,32926.061900
0500000US38017,184525.000000
0500000US48037,92893.000000
0500000US42041,259469.000000
0500000US30057,32926.061900
0500000US25027,862111.000000
0500000US13219,41799.000000
0500000US48023,32926.061900
0500000US51037,32926.061900
0500000US38005,32926.061900
0500000US30071,32926.061900
0500000US27089,32926.061900
0500000US27163,267568.000000
0500000US48229,32926.061900
0500000US41061,32926.061900
0500000US16027,231105.000000
0500000US12071,760822.000000
0500000US29099,226739.000000
0500000US13267,32926.061900
0500000US49019,32926.061900
0500000US26137,32926.061900
0500000US37069,68573.000000
0500000US36067,476516.000000
0500000US28143,32926.061900
0500000US16029,32926.061900
0500000US48139,192455.000000
0500000US16083,90046.000000
0500000US54031,32926.061900
0500000US12001,278468.000000
0500000US23025,50477.000000
0500000US41003,95184.000000
0500000US22117,45463.000000
0500000US51133,23557.643888
0500000US16043,32926.061900
0500000US42095,312951.000000
0500000US48025,32926.061900
0500000US29207,32926.061900
0500000US20133,32926.061900
0500000US40075,32926.061900
0500000US24011,33293.000000
0500000US06033,68163.000000
0500000US06039,156255.000000
0500000US06099,552878.000000
0500000US45079,416147.000000
0500000US45021,56216.000000
0500000US12077,32926.061900
0500000US33017,130889.000000
0500000US37033,32926.061900
0500000US54067,32926.061900
0500000US31071,32926.061900
0500000US24023,32926.061900
0500000US22101,49406.000000
0500000US12097,388656.000000
0500000US39061,830639.000000
0500000US18061,39654.000000
0500000US19063,32926.061900
0500000US48203,68839.000000
0500000US42127,51155.000000
0500000US30083,32926.061900
0500000US20195,32926.061900
0500000US51145,30333.000000
0500000US51031,55696.000000
0500000US53031,32977.000000
0500000US50027,57753.000000
0500000US37121,24183.563099
0500000US42031,37241.000000
0500000US05037,32926.061900
0500000US45005,32926.061900
0500000US53055,19146.715806
0500000US36113,65737.000000
0500000US37049,100720.000000
0500000US37055,36915.000000
0500000US36051,61834.000000
0500000US18021,32926.061900
0500000US29189,1004125.000000
0500000US29195,32926.061900
0500000US34011,154152.000000
0500000US34019,128947.000000
0500000US56035,32926.061900
0500000US51103,15485.013357
0500000US17027,36899.000000
0500000US48103,32926.061900
0500000US55057,32926.061900
0500000US13245,206607.000000
0500000US37047,50623.000000
0500000US37111,44578.000000
0500000US56027,32926.061900
0500000US36009,77042.000000
0500000US29031,81710.000000
0500000US27173,32926.061900
0500000US56025,79955.000000
0500000US25009,809829.000000
0500000US08005,655070.000000
0500000US13171,20296.580654
0500000US45017,32926.061900
0500000US13007,32926.061900
0500000US16073,32926.061900
0500000US47029,35999.000000
0500000US42103,58535.000000
0500000US42099,45842.000000
0500000US28083,32926.061900
0500000US42067,32926.061900
0500000US06081,764442.000000
0500000US49043,42357.000000
0500000US41033,88090.000000
0500000US47147,72803.000000
0500000US18149,32926.061900
0500000US20057,34287.000000
0500000US51059,1150309.000000
0500000US05015,32926.061900
0500000US27073,32926.061900
0500000US27027,65318.000000
0500000US22045,69929.000000
0500000US27107,32926.061900
0500000US51089,50948.000000
0500000US23007,32926.061900
0500000US27069,32926.061900
0500000US55131,136761.000000
0500000US45057,96016.000000
0500000US51003,112395.000000
0500000US45051,351029.000000
0500000US22013,32926.061900
0500000US21043,32926.061900
0500000US48469,91319.000000
0500000US55075,41872.000000
0500000US19083,32926.061900
0500000US06041,262321.000000
0500000US05121,32926.061900
0500000US13157,75907.000000
0500000US51069,91419.000000
0500000US34013,863728.000000
0500000US48199,56231.000000
0500000US20131,32926.061900
0500000US04007,53272.000000
0500000US05117,32926.061900
0500000US48435,32926.061900
0500000US48239,32926.061900
0500000US21217,30555.794132
0500000US06079,282424.000000
0500000US36105,78624.000000
0500000US41023,32926.061900
0500000US48269,32926.061900
0500000US13031,81099.000000
0500000US05017,32926.061900
0500000US48311,32926.061900
0500000US08033,32926.061900
0500000US42033,80562.000000
0500000US16085,32926.061900
0500000US49015,32926.061900
0500000US53053,921130.000000
0500000US54095,28342.461284
0500000US36059,1395774.000000
0500000US48027,370647.000000
0500000US24029,32885.485329
0500000US37095,32926.061900
0500000US45053,32926.061900
0500000US18175,32926.061900
0500000US18051,33011.000000
0500000US05025,32926.061900
0500000US51117,32926.061900
0500000US13291,32926.061900
0500000US13301,31455.688819
0500000US32001,32926.061900
0500000US36013,127657.000000
0500000US05133,32926.061900
0500000US20023,32926.061900
0500000US51033,32926.061900
0500000US48353,32926.061900
0500000US37065,48900.000000
0500000US47045,36801.000000
0500000US01055,103436.000000
0500000US01131,32926.061900
0500000US01035,32926.061900
0500000US48127,32926.061900
0500000US21165,22245.364537
0500000US01115,91103.000000
0500000US08063,32926.061900
0500000US17043,932877.000000
0500000US26003,32926.061900
0500000US41001,32926.061900
0500000US18027,33381.000000
0500000US08113,32926.061900
0500000US42123,38587.000000
0500000US51153,482204.000000
0500000US21125,62613.000000
0500000US05107,32926.061900
0500000US48107,32926.061900
0500000US21139,32926.061900
0500000US21159,25187.510449
0500000US48087,32926.061900
0500000US19027,32926.061900
0500000US05085,74015.000000
0500000US48091,161501.000000
0500000US47093,478971.000000
0500000US23003,67105.000000
0500000US51067,54477.000000
0500000US20095,32926.061900
0500000US06007,211632.000000
0500000US25001,228996.000000
0500000US20001,32926.061900
0500000US37107,55122.000000
0500000US01025,32926.061900
0500000US51181,31087.948461
0500000US48287,32926.061900
0500000US53067,294793.000000
0500000US05109,32926.061900
0500000US17189,32926.061900
0500000US27119,32926.061900
0500000US37115,32926.061900
0500000US27097,34010.000000
0500000US42049,270876.000000
0500000US26115,154809.000000
0500000US53025,99123.000000
0500000US01111,32926.061900
0500000US06021,32926.061900
0500000US45049,32926.061900
0500000US26099,881217.000000
0500000US51109,37596.000000
0500000US26063,32926.061900
0500000US24041,37526.000000
0500000US27129,32926.061900
0500000US55037,32926.061900
0500000US21069,32926.061900
0500000US22105,133157.000000
0500000US48001,57922.000000
0500000US18125,32926.061900
0500000US38097,32926.061900
0500000US46009,32926.061900
0500000US48009,32926.061900
0500000US19035,32926.061900
0500000US05039,32926.061900
0500000US29171,32926.061900
0500000US28013,32926.061900
0500000US54025,32977.000000
0500000US04025,236209.000000
0500000US13025,32926.061900
0500000US26029,32926.061900
0500000US40145,80981.000000
0500000US36029,954236.000000
0500000US21123,28576.564464
0500000US01113,59183.000000
0500000US37141,60203.000000
0500000US30027,32926.061900
0500000US30063,117922.000000
0500000US51053,32926.061900
0500000US54005,32926.061900
0500000US05081,32926.061900
0500000US18137,32926.061900
0500000US48061,421017.000000
0500000US01101,228954.000000
0500000US51073,38711.000000
0500000US28151,44922.000000
0500000US13073,156010.000000
0500000US30077,32926.061900
0500000US48437,32926.061900
0500000US12123,32926.061900
0500000US12013,32926.061900
0500000US16003,32926.061900
0500000US13213,39973.000000
0500000US21029,82217.000000
0500000US48109,32926.061900
0500000US24045,103588.000000
0500000US37079,28992.543957
0500000US21231,32926.061900
0500000US48141,865657.000000
0500000US21109,32926.061900
0500000US38055,32926.061900
0500000US51036,22188.525604
0500000US13217,112483.000000
0500000US36061,1694251.000000
0500000US47155,98380.000000
0500000US21061,32926.061900
0500000US06095,453491.000000
0500000US41047,345920.000000
0500000US47073,56721.000000
0500000US20053,32926.061900
0500000US22017,237848.000000
0500000US47151,32926.061900
0500000US47159,32926.061900
0500000US30007,32926.061900
0500000US48195,32926.061900
0500000US06001,1682353.000000
0500000US22109,109580.000000
0500000US22029,32926.061900
0500000US45091,282090.000000
0500000US04027,203881.000000
0500000US12037,32926.061900
0500000US12029,32926.061900
0500000US06061,404739.000000
0500000US12133,32926.061900
0500000US47055,32926.061900
0500000US48379,28237.982355
0500000US12129,33764.000000
0500000US13271,32926.061900
0500000US18159,28429.874390
0500000US01129,32926.061900
0500000US06055,138019.000000
0500000US54073,15027.288647
0500000US37099,43109.000000
0500000US48051,32926.061900
0500000US13103,64769.000000
0500000US48431,32926.061900
0500000US48063,22185.293892
0500000US08031,715522.000000
0500000US28089,109145.000000
0500000US54087,32926.061900
0500000US54027,32926.061900
0500000US12131,75305.000000
0500000US54103,32926.061900
0500000US54083,32926.061900
0500000US21209,57155.000000
0500000US37149,25904.894601
0500000US08051,32926.061900
0500000US06057,102241.000000
0500000US51610,14658.000000
0500000US06069,64209.000000
0500000US51075,31797.719799
0500000US21121,32926.061900
0500000US35017,32926.061900
0500000US35021,32926.061900
0500000US37059,42712.000000
0500000US08049,32926.061900
0500000US29069,32926.061900
0500000US29183,405262.000000
0500000US13237,32926.061900
0500000US22073,160368.000000
0500000US48187,172706.000000
0500000US48491,609017.000000
0500000US39123,40364.000000
0500000US30051,32926.061900
0500000US06077,779233.000000
0500000US16059,32926.061900
0500000US13141,32926.061900
0500000US22025,32926.061900
0500000US24021,271717.000000
0500000US30035,32926.061900
0500000US37159,146875.000000
0500000US53061,827957.000000
0500000US24027,332317.000000
0500000US13113,119194.000000
0500000US01097,414809.000000
0500000US24043,154705.000000
0500000US51005,32926.061900
0500000US06013,1165927.000000
0500000US31077,32926.061900
0500000US48073,50412.000000
0500000US36063,212666.000000
0500000US36081,2405464.000000
0500000US51167,32926.061900
0500000US32015,32926.061900
0500000US53065,46445.000000
0500000US41045,32926.061900
0500000US48495,32926.061900
0500000US37117,32926.061900
0500000US13215,206922.000000
0500000US53077,256728.000000
0500000US30015,32926.061900
0500000US53033,2269675.000000
0500000US22033,456781.000000
0500000US38019,32926.061900
0500000US01089,388153.000000
0500000US37113,37014.000000
0500000US37039,32926.061900
0500000US51155,33800.000000
0500000US37161,64444.000000
0500000US38059,33291.000000
0500000US48081,32926.061900
0500000US13107,32926.061900
0500000US51113,32926.061900
0500000US48029,2009324.000000
0500000US51125,32926.061900
0500000US47025,32926.061900
0500000US17097,714342.000000
0500000US47081,32926.061900
0500000US13251,32926.061900
0500000US53045,65726.000000
0500000US37199,32926.061900
0500000US42071,552984.000000
0500000US27137,200231.000000
0500000US18089,498700.000000
0500000US48075,32926.061900
0500000US28049,227742.000000
0500000US36031,37381.000000
0500000US42063,83246.000000
0500000US32011,32926.061900
0500000US47105,54886.000000
0500000US37083,48622.000000
0500000US29029,42745.000000
0500000US48161,32926.061900
0500000US51177,140032.000000
0500000US26041,36903.000000
0500000US51195,36130.000000
0500000US39107,42528.000000
0500000US40113,45818.000000
0500000US19189,32926.061900
0500000US48261,32926.061900
0500000US27011,32926.061900
0500000US17153,22408.745056
0500000US23031,211972.000000
0500000US55051,32926.061900
0500000US24019,32926.061900
0500000US05147,32926.061900
0500000US26083,32926.061900
0500000US21237,24968.604401
0500000US08019,32926.061900
0500000US05013,32926.061900
0500000US21177,32926.061900
0500000US48089,32926.061900
0500000US26071,32926.061900
0500000US30003,32926.061900
0500000US21115,28470.187805
0500000US35051,32926.061900
0500000US21027,32926.061900
0500000US01095,97612.000000
0500000US22063,142282.000000
0500000US23021,32926.061900
0500000US30001,32926.061900
0500000US01073,674721.000000
0500000US24009,92783.000000
0500000US22091,32926.061900
0500000US47033,29152.505713
0500000US22077,32926.061900
0500000US01069,107202.000000
0500000US01063,32926.061900
0500000US41019,111201.000000
0500000US18065,48914.000000
0500000US22021,32926.061900
0500000US12007,32926.061900
0500000US36047,2736074.000000
0500000US30029,104357.000000
0500000US30093,35133.000000
0500000US01005,32926.061900
0500000US06103,65829.000000
0500000US22041,32926.061900
0500000US06089,182155.000000
0500000US13001,32926.061900
0500000US53007,79074.000000
0500000US24001,68106.000000
0500000US01091,32926.061900
0500000US37125,99727.000000
0500000US46117,32926.061900
0500000US36065,232125.000000
0500000US51161,96929.000000
0500000US54013,30893.004058
0500000US08015,32926.061900
0500000US42061,44092.000000
0500000US48205,32926.061900
0500000US01085,32926.061900
0500000US05099,32926.061900
0500000US05075,32926.061900
0500000US06107,473117.000000
0500000US06071,2181654.000000
0500000US16039,32926.061900
0500000US55043,51938.000000
0500000US45071,37719.000000
0500000US48155,32926.061900
0500000US47059,70152.000000
0500000US45063,293991.000000
0500000US41055,32926.061900
0500000US36103,1525920.000000
0500000US48393,32926.061900
0500000US30047,32926.061900
0500000US47157,929744.000000
0500000US44005,85643.000000
0500000US22085,32926.061900
0500000US19091,32926.061900
0500000US33007,32926.061900
0500000US53075,47973.000000
0500000US26013,32926.061900
0500000US24035,49874.000000
0500000US25013,465825.000000
0500000US25021,725981.000000
0500000US23015,35237.000000
0500000US45061,32926.061900
0500000US48167,350682.000000
0500000US49035,1185238.000000
0500000US51007,32926.061900
0500000US37023,87570.000000
0500000US06097,488863.000000
0500000US48395,32926.061900
0500000US50009,32926.061900
0500000US51139,32926.061900
0500000US37133,204576.000000
0500000US13139,203136.000000
0500000US37015,32926.061900
0500000US36077,58524.000000
0500000US12031,995567.000000
0500000US34005,461860.000000
0500000US48245,256526.000000
0500000US27077,32926.061900
0500000US51147,32926.061900
0500000US06025,179702.000000
0500000US08029,32926.061900
0500000US10001,181851.000000
0500000US12033,321905.000000
0500000US48457,32926.061900
0500000US19111,33555.000000
0500000US48215,870781.000000
0500000US48413,32926.061900
0500000US32027,32926.061900
0500000US22111,32926.061900
0500000US13317,32926.061900
0500000US13305,32926.061900
0500000US01001,58805.000000
0500000US45055,65403.000000
0500000US51149,43010.000000
0500000US19147,32926.061900
0500000US22115,48750.000000
0500000US53015,110730.000000
0500000US08109,32926.061900
0500000US30105,32926.061900
0500000US48441,143208.000000
0500000US12089,90352.000000
0500000US18069,36662.000000
0500000US48373,50123.000000
0500000US16079,32926.061900
0500000US51175,32926.061900
0500000US29205,32926.061900
0500000US47175,29886.092719
0500000US47185,32926.061900
0500000US47041,32926.061900
0500000US49029,32926.061900
0500000US21205,31697.372500
0500000US21079,26154.018900
0500000US22071,383997.000000
0500000US51840,28120.000000
0500000US21181,21343.083408
0500000US27171,141337.000000
0500000US36043,60139.000000
0500000US08117,32926.061900
0500000US48315,32926.061900
0500000US47123,46250.000000
0500000US48219,32926.061900
0500000US05011,32926.061900
0500000US05103,32926.061900
0500000US09007,164245.000000
0500000US48277,50088.000000
0500000US20003,32926.061900
0500000US42035,37450.000000
0500000US22059,32926.061900
0500000US37137,32926.061900
0500000US28029,32926.061900
0500000US45019,408235.000000
0500000US12009,606612.000000
0500000US29095,717204.000000
0500000US05139,39054.000000
0500000US54019,40488.000000
0500000US18161,18085.411815
0500000US05029,32926.061900
0500000US37123,32926.061900
0500000US12086,2701767.000000
0500000US51193,26866.812345
0500000US06027,32926.061900
0500000US06053,439035.000000
0500000US35039,40363.000000
0500000US51171,44186.000000
0500000US42003,1250578.000000
0500000US19033,43127.000000
0500000US36045,116721.000000
0500000US09009,864835.000000
0500000US48171,32926.061900
0500000US04021,425264.000000
0500000US06093,44076.000000
0500000US24031,1062061.000000
0500000US01117,223024.000000
0500000US41065,32926.061900
0500000US54045,32926.061900
0500000US48401,52214.000000
0500000US17003,27253.534624
0500000US23027,39607.000000
0500000US37193,65969.000000
0500000US48129,32926.061900
0500000US21179,46738.000000
0500000US54023,32926.061900
0500000US36053,68016.000000
0500000US13051,295291.000000
0500000US38077,32926.061900
0500000US22009,39693.000000
0500000US48349,52624.000000
0500000US40133,32926.061900
0500000US53027,75636.000000
0500000US24017,166617.000000
0500000US48071,46571.000000
0500000US12053,194515.000000
0500000US53017,42938.000000
0500000US28017,32926.061900
0500000US21097,32926.061900
0500000US51019,79462.000000
0500000US22079,130023.000000
0500000US34025,643615.000000
0500000US35007,32926.061900
0500000US28137,32926.061900
0500000US27075,32926.061900
0500000US48391,32926.061900
0500000US28033,185314.000000
0500000US06017,191185.000000
0500000US30045,32926.061900
0500000US40101,66339.000000
0500000US21059,103312.000000
0500000US28109,56145.000000
0500000US06003,32926.061900
0500000US28163,32926.061900
0500000US24013,172891.000000
0500000US47091,32806.843468
0500000US08055,32926.061900
0500000US49037,32926.061900
0500000US40065,32926.061900
0500000US47089,54683.000000
0500000US21189,21784.851334
0500000US12107,73321.000000
0500000US55023,32926.061900
0500000US40031,121125.000000
0500000US12023,69698.000000
0500000US18083,36282.000000
0500000US45025,43273.000000
0500000US37009,32926.061900
0500000US51057,29056.927527
0500000US55003,32926.061900
0500000US37019,136693.000000
0500000US46125,32926.061900
0500000US32033,32926.061900
0500000US45007,203718.000000
0500000US49005,133154.000000
0500000US54109,32926.061900
0500000US05045,123498.000000
0500000US54039,180745.000000
0500000US13135,957062.000000
0500000US40025,32926.061900
0500000US18001,35809.000000
0500000US22097,82540.000000
0500000US51121,99721.000000
0500000US48313,32926.061900
0500000US30011,32926.061900
0500000US22005,126500.000000
0500000US45041,137059.000000
0500000US53009,77155.000000
0500000US21065,27272.172897
0500000US48453,1290188.000000
0500000US29197,32926.061900
0500000US22015,128746.000000
0500000US13029,44738.000000
0500000US13303,32926.061900
0500000US37171,71359.000000
0500000US28021,32926.061900
0500000US46095,32926.061900
0500000US48335,32926.061900
0500000US30039,32926.061900
0500000US22035,32926.061900
0500000US08069,359066.000000
0500000US20143,32926.061900
0500000US45045,525534.000000
0500000US22037,32926.061900
0500000US20009,32926.061900
0500000US16061,32926.061900
0500000US49011,362679.000000
0500000US35055,34489.000000
0500000US48449,32926.061900
0500000US30033,32926.061900
0500000US48459,40892.000000
0500000US06047,281202.000000
0500000US36071,401310.000000
0500000US18147,32926.061900
0500000US46047,32926.061900
0500000US25011,71029.000000
0500000US51083,34022.000000
0500000US51095,78254.000000
0500000US16041,32926.061900
0500000US45083,327997.000000
0500000US39167,59771.000000
0500000US42045,576830.000000
0500000US08093,32926.061900
0500000US37051,334728.000000
0500000US30031,118960.000000
0500000US22039,32926.061900
0500000US19093,32926.061900
0500000US01009,59134.000000
0500000US22001,57576.000000
0500000US51191,53935.000000
0500000US37021,269452.000000
0500000US23017,57777.000000
0500000US33009,91118.000000
0500000US16037,32926.061900
0500000US37139,40568.000000
0500000US38067,32926.061900
0500000US48175,32926.061900
0500000US19149,32926.061900
0500000US54081,74591.000000
0500000US40067,32926.061900
0500000US26143,32926.061900
0500000US13185,118251.000000
0500000US17047,24580.485525
0500000US28087,58879.000000
0500000US42091,856553.000000
0500000US42053,32926.061900
0500000US30013,84414.000000
0500000US42017,646538.000000
0500000US48405,32926.061900
0500000US41017,198253.000000
0500000US38099,32926.061900
0500000US08071,32926.061900
0500000US08057,32926.061900
0500000US48303,310639.000000
0500000US13289,32926.061900
0500000US12049,32926.061900
0500000US48409,68755.000000
0500000US54075,32926.061900
0500000US42101,1603797.000000
0500000US51023,33596.000000
0500000US53019,32926.061900
0500000US21101,44793.000000
0500000US54065,24858.171835
0500000US48225,32926.061900
0500000US13205,32926.061900
0500000US30081,44174.000000
0500000US53047,42104.000000
0500000US47141,79854.000000
0500000US45075,84223.000000
0500000US05095,32926.061900
0500000US21193,32926.061900
0500000US22083,32926.061900
0500000US16087,32926.061900
0500000US01099,32926.061900
0500000US22051,440781.000000
0500000US39121,32926.061900
0500000US46075,32926.061900
0500000US45085,105556.000000
0500000US37029,26514.660984
0500000US56031,32926.061900
0500000US51157,29253.187231
0500000US45067,32926.061900
0500000US48403,32926.061900
0500000US30005,32926.061900
0500000US08045,61685.000000
0500000US37155,116530.000000
0500000US48347,64653.000000
0500000US48067,32926.061900
0500000US13201,30943.350353
0500000US29037,107824.000000
0500000US21005,23852.000000
0500000US12017,153843.000000
0500000US21051,32926.061900
0500000US06005,40474.000000
0500000US13089,764382.000000
0500000US37173,32926.061900
0500000US08053,32926.061900
0500000US21003,32926.061900
0500000US22127,32926.061900
0500000US47189,147737.000000
0500000US12117,470856.000000
0500000US28039,32926.061900
0500000US12039,43826.000000
0500000US21033,32926.061900
0500000US35033,32926.061900
0500000US08027,32926.061900
0500000US22125,32926.061900
0500000US44009,129839.000000
0500000US51063,32926.061900
0500000US42133,456438.000000
0500000US20119,32926.061900
0500000US37093,52082.000000
0500000US13013,83505.000000
0500000US12045,32926.061900
0500000US13027,32926.061900
0500000US31013,32926.061900
0500000US05003,32926.061900
0500000US05007,284333.000000
0500000US21127,32926.061900
0500000US06009,45292.000000
0500000US46137,32926.061900
0500000US20203,32926.061900
0500000US51061,72972.000000
0500000US48045,32926.061900
0500000US20081,32926.061900
0500000US48201,4731145.000000
0500000US27165,32926.061900
0500000US22065,32926.061900
0500000US39117,34950.000000
0500000US36111,181851.000000
0500000US06085,1936259.000000
0500000US04009,38533.000000
0500000US29063,32926.061900
0500000US32003,2265461.000000
0500000US12121,43474.000000
0500000US37091,32926.061900
0500000US48343,28220.924495
0500000US47107,53276.000000
0500000US13079,32926.061900
0500000US48371,32926.061900
0500000US46073,32926.061900
0500000US12065,32926.061900
0500000US47165,196281.000000
0500000US13033,32926.061900
0500000US20079,34024.000000
0500000US42089,168327.000000
0500000US51165,83757.000000
0500000US51159,21209.686399
0500000US37027,80652.000000
0500000US48241,32980.000000
0500000US31049,32926.061900
0500000US46111,32926.061900
0500000US49013,32926.061900
0500000US51141,32926.061900
0500000US21031,32926.061900
0500000US06087,270861.000000
0500000US24005,854535.000000
0500000US51119,15228.420617
0500000US34031,524118.000000
0500000US06083,448229.000000
0500000US51111,32926.061900
0500000US45047,69351.000000
0500000US31155,32926.061900
0500000US13241,32926.061900
0500000US51091,32926.061900
0500000US21151,92701.000000
0500000US26129,32926.061900
0500000US27031,32926.061900
0500000US29023,42130.000000
0500000US28157,32926.061900
0500000US13137,46031.000000
0500000US13151,240712.000000
0500000US53029,86857.000000
0500000US47057,32926.061900
0500000US42043,286401.000000
0500000US21195,58669.000000
0500000US48333,32926.061900
0500000US34003,955732.000000
0500000US21175,32926.061900
0500000US37129,225702.000000
0500000US04013,4420568.000000
0500000US01049,71608.000000
0500000US37183,1129410.000000
0500000US06051,32926.061900
0500000US48233,32926.061900
0500000US37013,44652.000000
0500000US47013,39272.000000
0500000US56039,32926.061900
0500000US24037,113777.000000
0500000US30023,32926.061900
0500000US48041,233849.000000
0500000US12075,42915.000000
0500000US42023,32926.061900
0500000US54041,32926.061900
0500000US12057,1459762.000000
0500000US53049,32926.061900
0500000US20025,32926.061900
0500000US37167,62504.000000
0500000US01071,52579.000000
0500000US28159,32926.061900
0500000US11001,689545.000000
0500000US12103,959107.000000
0500000US48411,32926.061900
0500000US46103,109222.000000
0500000US30087,32926.061900
0500000US51087,334389.000000
0500000US42125,209349.000000
0500000US48359,32926.061900
0500000US26097,32926.061900
0500000US45087,32926.061900
0500000US48427,65920.000000
0500000US20123,32926.061900
0500000US48105,32926.061900
0500000US48467,59541.000000
0500000US25007,20600.000000
0500000US27103,34454.000000
0500000US51093,38606.000000
0500000US26089,32926.061900
0500000US08115,32926.061900
0500000US49007,32926.061900
0500000US53073,226847.000000
0500000US13179,65256.000000
0500000US48351,32926.061900
0500000US04001,66021.000000
0500000US51041,364548.000000
0500000US40023,32926.061900
0500000US13195,31323.330526
0500000US21147,32926.061900
0500000US51027,32926.061900
0500000US21085,32926.061900
0500000US37057,168930.000000
0500000US26033,36785.000000
0500000US06073,3298634.000000
0500000US18123,32926.061900
0500000US48017,32926.061900
0500000US28055,32926.061900
0500000US06105,32926.061900
0500000US51101,31186.874052
0500000US34009,95263.000000
0500000US21235,36712.000000
0500000US19029,32926.061900
0500000US38085,32926.061900
0500000US21095,32926.061900
0500000US37017,32926.061900
0500000US21099,32926.061900
0500000US48169,32926.061900
0500000US48033,32926.061900
0500000US47135,32926.061900
0500000US16033,32926.061900
0500000US42075,143257.000000
0500000US48475,32926.061900
0500000US41031,32926.061900
0500000US12083,375908.000000
0500000US49033,32926.061900
0500000US47129,32926.061900
0500000US37087,62089.000000
0500000US50023,59807.000000
0500000US55121,32926.061900
0500000US48157,822779.000000
0500000US29157,32926.061900
0500000US48321,36255.000000
0500000US23009,55478.000000
0500000US13269,32926.061900
0500000US40117,32926.061900
0500000US13189,29061.217339
0500000US22103,264570.000000
0500000US05057,32926.061900
0500000US46023,32926.061900
0500000US21153,32926.061900
0500000US55007,32926.061900
0500000US48013,48981.000000
0500000US37101,215999.000000
0500000US54099,38982.000000
0500000US47005,32926.061900
0500000US48499,44843.000000
0500000US48083,32926.061900
0500000US21135,32926.061900
0500000US51051,32926.061900
0500000US34023,863162.000000
0500000US40095,32926.061900
0500000US48031,32926.061900
0500000US12055,101235.000000
0500000US37089,116281.000000
0500000US48339,620443.000000
0500000US27127,32926.061900
0500000US34027,509285.000000
0500000US41015,32926.061900
0500000US01003,231767.000000
0500000US48079,32926.061900
0500000US30061,32926.061900
0500000US16015,32926.061900
0500000US30025,32926.061900
0500000US24039,32926.061900
0500000US55029,32926.061900
0500000US21155,32926.061900
0500000US01047,38462.000000
0500000US13191,32926.061900
0500000US47063,64499.000000
0500000US46035,32926.061900
0500000US16049,32926.061900
0500000US05063,37938.000000
0500000US12027,33976.000000
0500000US21187,32926.061900
0500000US26163,1793561.000000
0500000US41039,382971.000000
0500000US51143,60501.000000
0500000US30043,32926.061900
0500000US54007,32926.061900
0500000US48455,32926.061900
0500000US01119,32926.061900
0500000US48419,32926.061900
0500000US04012,32926.061900
0500000US20113,32926.061900
0500000US06019,1008654.000000
0500000US20055,38470.000000
0500000US47085,32926.061900
0500000US37153,42946.000000
0500000US42059,35954.000000
0500000US29027,44283.000000
0500000US46007,32926.061900
0500000US22067,32926.061900
0500000US37165,34174.000000
0500000US08095,32926.061900
0500000US40141,32926.061900
0500000US12113,188000.000000
0500000US35029,32926.061900
0500000US12079,32926.061900
0500000US12041,32926.061900
0500000US38071,32926.061900
0500000US26079,32926.061900
0500000US05131,127799.000000
0500000US51015,77487.000000
0500000US40125,72454.000000
0500000US26109,32926.061900
0500000US16063,32926.061900
0500000US35045,121661.000000
0500000US48007,31804.158685
0500000US08083,32926.061900
0500000US36091,235509.000000
0500000US33015,314176.000000
0500000US05145,76822.000000
0500000US01121,82149.000000
0500000US30053,32926.061900
0500000US48323,57887.000000
0500000US20185,32926.061900
0500000US28069,32926.061900
0500000US47145,53404.000000
0500000US48355,353178.000000
0500000US51127,24346.798091
0500000US34001,274534.000000
0500000US13039,54768.000000
0500000US28149,44722.000000
0500000US21067,322570.000000
0500000US46085,32926.061900
0500000US45029,38604.000000
0500000US21131,32926.061900
0500000US40027,295528.000000
0500000US51690,13485.000000
0500000US13009,43799.000000
0500000US19163,174669.000000
0500000US13181,28691.693118
0500000US28007,32926.061900
0500000US34033,64837.000000
0500000US26039,32926.061900
0500000US19117,32926.061900
0500000US18117,32926.061900
0500000US19069,32926.061900
0500000US18055,32926.061900
0500000US26073,64394.000000
0500000US39159,62784.000000
0500000US19135,32926.061900
0500000US05009,37373.000000
0500000US26023,44862.000000
0500000US42009,47577.000000
0500000US42121,50454.000000
0500000US13233,42853.000000
0500000US21197,19729.204208
0500000US27081,32926.061900
0500000US39099,228614.000000
0500000US35023,32926.061900
0500000US54001,32926.061900
0500000US28053,32926.061900
0500000US05067,32926.061900
0500000US17185,25121.960767
0500000US49001,32926.061900
0500000US48473,56794.000000
0500000US01043,87866.000000
0500000US45065,32926.061900
0500000US06011,32926.061900
0500000US06045,91601.000000
0500000US46087,32926.061900
0500000US37177,32926.061900
0500000US36033,47555.000000
0500000US20139,32926.061900
0500000US55115,40881.000000
0500000US06029,909235.000000
0500000US29217,32926.061900
0500000US55095,44977.000000
0500000US10003,570719.000000
0500000US12087,82874.000000
0500000US45069,32926.061900
0500000US01065,32926.061900
0500000US53035,275611.000000
0500000US20135,32926.061900
0500000US55001,32926.061900
0500000US48361,84808.000000
0500000US13121,1066710.000000
0500000US21133,32926.061900
0500000US48119,30719.588556
0500000US48173,32926.061900
0500000US08013,330758.000000
0500000US27021,32926.061900
0500000US29041,32926.061900
0500000US17143,181830.000000
0500000US55045,37093.000000
0500000US22027,32926.061900
0500000US26157,53323.000000
0500000US21039,21478.183293
0500000US46099,197214.000000
0500000US46061,32926.061900
0500000US42079,325594.000000
0500000US17033,32926.061900
0500000US27079,32926.061900
0500000US27091,32926.061900
0500000US55005,46711.000000
0500000US38009,32926.061900
0500000US55053,32926.061900
0500000US29159,42980.000000
0500000US39091,46150.000000
0500000US46005,32926.061900
0500000US18105,139718.000000
0500000US19055,32926.061900
0500000US19067,32926.061900
0500000US05087,32926.061900
0500000US46039,32926.061900
0500000US49057,262223.000000
0500000US26153,32926.061900
0500000US50025,45905.000000
0500000US18017,37870.000000
0500000US56021,100512.000000
0500000US27059,41135.000000
0500000US48263,32926.061900
0500000US54105,25627.059887
0500000US39067,32926.061900
0500000US39065,32926.061900
0500000US31003,32926.061900
0500000US37081,541299.000000
0500000US46101,32926.061900
0500000US26027,51589.000000
0500000US32023,51591.000000
0500000US36011,76248.000000
0500000US23011,123642.000000
0500000US29117,32926.061900
0500000US48069,32926.061900
0500000US56009,32926.061900
0500000US41025,32926.061900
0500000US41069,32926.061900
0500000US49055,32926.061900
0500000US55085,37845.000000
0500000US18091,112417.000000
0500000US37195,78784.000000
0500000US38041,32926.061900
0500000US44003,170363.000000
0500000US31123,32926.061900
0500000US39113,537309.000000
0500000US49009,32926.061900
0500000US37025,225804.000000
0500000US29007,32926.061900
0500000US39063,74920.000000
0500000US29151,32926.061900
0500000US31001,32926.061900
0500000US32019,59235.000000
0500000US30107,32926.061900
0500000US05049,32926.061900
0500000US55141,74207.000000
0500000US05047,32926.061900
0500000US17055,37804.000000
0500000US17029,46863.000000
0500000US55067,32926.061900
0500000US28113,40324.000000
0500000US29107,32984.000000
0500000US13015,108901.000000
0500000US29011,32926.061900
0500000US42073,86070.000000
0500000US29121,32926.061900
0500000US13143,31024.331258
0500000US17053,32926.061900
0500000US42069,215896.000000
0500000US39103,182470.000000
0500000US13173,21665.467957
0500000US17025,32926.061900
0500000US26017,103856.000000
0500000US39075,44223.000000
0500000US13239,17204.569346
0500000US36101,93584.000000
0500000US54035,32926.061900
0500000US38061,32926.061900
0500000US17201,285350.000000
0500000US31043,29413.702402
0500000US20093,32926.061900
0500000US29043,88842.000000
0500000US18077,33147.000000
0500000US48049,38095.000000
0500000US27049,47582.000000
0500000US37037,76285.000000
0500000US35028,19419.000000
0500000US05005,41627.000000
0500000US28119,32926.061900
0500000US01029,32926.061900
0500000US48117,32926.061900
0500000US27001,32926.061900
0500000US42037,64727.000000
0500000US27117,32926.061900
0500000US48399,32926.061900
0500000US13223,168661.000000
0500000US40011,32926.061900
0500000US48417,32926.061900
0500000US36085,495747.000000
0500000US47083,22846.305396
0500000US47181,32926.061900
0500000US48281,32926.061900
0500000US29073,32926.061900
0500000US23029,32926.061900
0500000US13321,32926.061900
0500000US17093,131869.000000
0500000US51800,94324.000000
0500000US26051,32926.061900
0500000US51750,16070.000000
0500000US29079,32926.061900
0500000US18009,17947.825464
0500000US36041,32926.061900
0500000US25019,14255.000000
0500000US48165,32926.061900
0500000US38029,32926.061900
0500000US41037,32926.061900
0500000US19137,32926.061900
0500000US35013,219561.000000
0500000US40035,32926.061900
0500000US55069,32926.061900
0500000US40143,669279.000000
0500000US01081,174241.000000
0500000US47133,32926.061900
0500000US40139,32926.061900
0500000US48447,32926.061900
0500000US19095,32926.061900
0500000US26075,160366.000000
0500000US29103,32926.061900
0500000US01013,32926.061900
0500000US48217,35874.000000
0500000US47061,32926.061900
0500000US12111,329226.000000
0500000US31083,32926.061900
0500000US31107,32926.061900
0500000US32510,58639.000000
0500000US18183,34191.000000
0500000US48357,32926.061900
0500000US13037,31820.456338
0500000US47069,32926.061900
0500000US13081,30604.982935
0500000US51740,97915.000000
0500000US40029,32926.061900
0500000US08007,32926.061900
0500000US29091,39750.000000
0500000US31017,32926.061900
0500000US36099,33814.000000
0500000US17087,32926.061900
0500000US40057,32926.061900
0500000US05055,45736.000000
0500000US48253,32926.061900
0500000US38069,32926.061900
0500000US18143,24384.000000
0500000US40137,42848.000000
0500000US47177,40953.000000
0500000US13061,23813.711484
0500000US21083,36649.000000
0500000US31047,32926.061900
0500000US37073,32926.061900
0500000US26125,1274395.000000
0500000US55071,81359.000000
0500000US13207,32926.061900
0500000US28031,32926.061900
0500000US40151,32926.061900
0500000US01045,49326.000000
0500000US17135,32926.061900
0500000US17173,32926.061900
0500000US39033,42025.000000
0500000US40097,39046.000000
0500000US55049,32926.061900
0500000US19025,32926.061900
0500000US48477,35805.000000
0500000US51770,100011.000000
0500000US13199,32926.061900
0500000US16017,47110.000000
0500000US33013,153808.000000
0500000US17139,32926.061900
0500000US40001,32926.061900
0500000US01061,32926.061900
0500000US31179,32926.061900
0500000US08125,32926.061900
0500000US20137,32926.061900
0500000US48439,2110640.000000
0500000US48209,241067.000000
0500000US13175,49570.000000
0500000US42057,32926.061900
0500000US17163,257400.000000
0500000US21045,32926.061900
0500000US26093,193866.000000
0500000US21047,72748.000000
0500000US31133,32926.061900
0500000US22061,48396.000000
0500000US18025,32926.061900
0500000US05119,399125.000000
0500000US29225,39085.000000
0500000US48423,233479.000000
0500000US19013,131144.000000
0500000US21173,28114.000000
0500000US31113,32926.061900
0500000US13063,297595.000000
0500000US48021,97216.000000
0500000US19109,32926.061900
0500000US27109,162847.000000
0500000US18029,50679.000000
0500000US39031,36612.000000
0500000US46105,32926.061900
0500000US48059,32926.061900
0500000US50003,37347.000000
0500000US28025,32926.061900
0500000US20167,32926.061900
0500000US47051,42774.000000
0500000US48135,165171.000000
0500000US47111,32926.061900
0500000US29013,32926.061900
0500000US48293,32926.061900
0500000US48319,32926.061900
0500000US47161,32926.061900
0500000US35027,32926.061900
0500000US19197,32926.061900
0500000US18011,70812.000000
0500000US17049,34668.000000
0500000US48047,32926.061900
0500000US53069,30430.364659
0500000US47131,32926.061900
0500000US20169,54303.000000
0500000US21207,31411.897888
0500000US17133,34962.000000
0500000US26161,372258.000000
0500000US36021,61570.000000
0500000US39015,43676.000000
0500000US12109,273425.000000
0500000US20085,32926.061900
0500000US12003,32926.061900
0500000US40081,33458.000000
0500000US13095,85790.000000
0500000US12035,115378.000000
0500000US47153,28855.823168
0500000US42021,133472.000000
0500000US18053,66674.000000
0500000US55031,44295.000000
0500000US36121,40531.000000
0500000US18093,45011.000000
0500000US40019,48003.000000
0500000US22007,32926.061900
0500000US47067,24471.865023
0500000US53063,539339.000000
0500000US48445,32926.061900
0500000US41063,32926.061900
0500000US49049,659399.000000
0500000US26019,32926.061900
0500000US17183,74188.000000
0500000US20019,32926.061900
0500000US55027,89396.000000
0500000US19121,32926.061900
0500000US20089,32926.061900
0500000US51011,32926.061900
0500000US39169,116894.000000
0500000US31125,32926.061900
0500000US31097,32926.061900
0500000US31101,32926.061900
0500000US30041,32926.061900
0500000US17095,49967.000000
0500000US37145,39097.000000
0500000US46067,32926.061900
0500000US54061,105822.000000
0500000US40093,32926.061900
0500000US31135,32926.061900
0500000US12051,39619.000000
0500000US17099,109658.000000
0500000US21113,52991.000000
0500000US35061,76205.000000
0500000US05027,32926.061900
0500000US40009,32926.061900
0500000US48237,32926.061900
0500000US27131,67097.000000
0500000US46081,32926.061900
0500000US46015,32926.061900
0500000US51043,19634.106056
0500000US48211,32926.061900
0500000US38007,32926.061900
0500000US39157,93263.000000
0500000US29089,32926.061900
0500000US40105,32926.061900
0500000US41041,50395.000000
0500000US29071,104682.000000
0500000US40129,32926.061900
0500000US38003,32926.061900
0500000US42113,32926.061900
0500000US17107,32926.061900
0500000US18087,40446.000000
0500000US28135,32926.061900
0500000US05097,32926.061900
0500000US51173,32926.061900
0500000US49027,32926.061900
0500000US48483,32926.061900
0500000US28003,34740.000000
0500000US01031,53465.000000
0500000US51620,8180.000000
0500000US23005,303069.000000
0500000US17001,65737.000000
0500000US18079,32926.061900
0500000US27067,43732.000000
0500000US17011,33244.000000
0500000US29125,32926.061900
0500000US55065,32926.061900
0500000US40041,40397.000000
0500000US29209,32926.061900
0500000US48143,42545.000000
0500000US50013,21211.722085
0500000US55129,32926.061900
0500000US39133,161791.000000
0500000US19019,32926.061900
0500000US55099,32926.061900
0500000US17059,32926.061900
0500000US21221,32926.061900
0500000US31163,32926.061900
0500000US47011,108620.000000
0500000US17151,32926.061900
0500000US19101,32926.061900
0500000US19125,33414.000000
0500000US39151,374853.000000
0500000US19047,32926.061900
0500000US28115,32926.061900
0500000US39125,32926.061900
0500000US18075,32926.061900
0500000US38027,32926.061900
0500000US05053,32926.061900
0500000US26057,41761.000000
0500000US31109,322608.000000
0500000US31039,32926.061900
0500000US17119,265859.000000
0500000US31167,32926.061900
0500000US51790,25750.000000
0500000US40083,49555.000000
0500000US46049,32926.061900
0500000US29153,32926.061900
0500000US20099,32926.061900
0500000US28155,32926.061900
0500000US08061,32926.061900
0500000US31121,32926.061900
0500000US20041,32926.061900
0500000US48093,32926.061900
0500000US38063,32926.061900
0500000US29186,32926.061900
0500000US39047,32926.061900
0500000US51540,46553.000000
0500000US08099,32926.061900
0500000US42065,44492.000000
0500000US20145,32926.061900
0500000US31041,32926.061900
0500000US48363,32926.061900
0500000US26025,134310.000000
0500000US19173,32926.061900
0500000US30073,32926.061900
0500000US54063,32926.061900
0500000US33005,76458.000000
0500000US21143,28210.440787
0500000US29215,32926.061900
0500000US13259,32926.061900
0500000US54097,32926.061900
0500000US55063,120784.000000
0500000US37135,148696.000000
0500000US36055,759443.000000
0500000US36117,91283.000000
0500000US40021,47078.000000
0500000US17177,44630.000000
0500000US27047,32926.061900
0500000US29053,32926.061900
0500000US16001,494967.000000
0500000US17035,32926.061900
0500000US21009,44485.000000
0500000US18139,32926.061900
0500000US26135,32926.061900
0500000US18101,32926.061900
0500000US51700,186247.000000
0500000US26121,175824.000000
0500000US18035,111903.000000
0500000US39069,32926.061900
0500000US05129,32926.061900
0500000US18171,32926.061900
0500000US29061,32926.061900
0500000US35006,32926.061900
0500000US48191,32926.061900
0500000US39161,32926.061900
0500000US13235,27746.714432
0500000US41027,32926.061900
0500000US18007,32926.061900
0500000US20101,32926.061900
0500000US16055,171362.000000
0500000US51735,12460.000000
0500000US17165,32926.061900
0500000US48251,179927.000000
0500000US13193,32926.061900
0500000US21037,93076.000000
0500000US12091,211668.000000
0500000US29067,32926.061900
0500000US28057,32926.061900
0500000US31069,32926.061900
0500000US19171,32926.061900
0500000US21167,26988.611237
0500000US51600,24146.000000
0500000US41071,107722.000000
0500000US05115,63381.000000
0500000US40061,32926.061900
0500000US13045,119148.000000
0500000US48493,49753.000000
0500000US35001,676444.000000
0500000US32007,53702.000000
0500000US40043,32926.061900
0500000US55033,45440.000000
0500000US27085,36771.000000
0500000US29139,32926.061900
0500000US38103,32926.061900
0500000US29181,32926.061900
0500000US17149,32926.061900
0500000US27133,32926.061900
0500000US29223,32926.061900
0500000US56017,32926.061900
0500000US37105,63285.000000
0500000US17041,32926.061900
0500000US05023,32926.061900
0500000US46029,32926.061900
0500000US01059,32926.061900
0500000US46065,32926.061900
0500000US39005,52447.000000
0500000US27151,32926.061900
0500000US48077,32926.061900
0500000US08021,32926.061900
0500000US51640,6720.000000
0500000US13023,23957.050427
0500000US04017,106717.000000
0500000US20027,32926.061900
0500000US18133,36726.000000
0500000US46102,32926.061900
0500000US17005,32926.061900
0500000US48145,32926.061900
0500000US05123,32926.061900
0500000US17105,35815.000000
0500000US39083,62721.000000
0500000US28027,32926.061900
0500000US18111,32926.061900
0500000US40153,32926.061900
0500000US30079,32926.061900
0500000US20097,32926.061900
0500000US18135,32926.061900
0500000US37045,99519.000000
0500000US27039,32926.061900
0500000US42001,103852.000000
0500000US46025,32926.061900
0500000US19077,32926.061900
0500000US20125,32926.061900
0500000US37189,54086.000000
0500000US28047,208621.000000
0500000US17101,32926.061900
0500000US50019,32926.061900
0500000US47071,32926.061900
0500000US26059,45746.000000
0500000US28077,32926.061900
0500000US31137,32926.061900
0500000US37063,324833.000000
0500000US20037,38972.000000
0500000US19073,32926.061900
0500000US08009,32926.061900
0500000US28111,32926.061900
0500000US38089,33646.000000
0500000US13169,32926.061900
0500000US31081,32926.061900
0500000US36037,58388.000000
0500000US38057,32926.061900
0500000US45001,32926.061900
0500000US51021,32926.061900
0500000US21225,32926.061900
0500000US20159,32926.061900
0500000US31105,32926.061900
0500000US28101,32926.061900
0500000US48183,124239.000000
0500000US46121,32926.061900
0500000US49045,72698.000000
0500000US18099,46095.000000
0500000US47101,30690.010193
0500000US21223,17094.677074
0500000US01079,33073.000000
0500000US08011,32926.061900
0500000US21001,32926.061900
0500000US01057,32926.061900
0500000US17063,52533.000000
0500000US29085,32926.061900
0500000US56015,32926.061900
0500000US21015,135968.000000
0500000US28045,46053.000000
0500000US08103,32926.061900
0500000US12005,175216.000000
0500000US48309,260579.000000
0500000US31175,32926.061900
0500000US20107,32926.061900
0500000US06049,32926.061900
0500000US31145,32926.061900
0500000US39155,201977.000000
0500000US55119,32926.061900
0500000US38087,32926.061900
0500000US28093,33752.000000
0500000US29187,66922.000000
0500000US12099,1492191.000000
0500000US27101,32926.061900
0500000US40073,32926.061900
0500000US20155,61898.000000
0500000US30021,32926.061900
0500000US16075,32926.061900
0500000US48003,32926.061900
0500000US36027,295911.000000
0500000US29173,32926.061900
0500000US48271,32926.061900
0500000US51013,238643.000000
0500000US28139,32926.061900
0500000US26139,296200.000000
0500000US22121,27199.000000
0500000US39147,55069.000000
0500000US51660,51814.000000
0500000US18047,32926.061900
0500000US40053,32926.061900
0500000US39149,48230.000000
0500000US39041,214124.000000
0500000US38001,32926.061900
0500000US39101,65359.000000
0500000US36069,112458.000000
0500000US54089,32926.061900
0500000US21149,28034.275463
0500000US36019,79843.000000
0500000US27125,32926.061900
0500000US29169,53955.000000
0500000US05149,32926.061900
0500000US31183,32926.061900
0500000US50015,32926.061900
0500000US21057,32926.061900
0500000US19195,32926.061900
0500000US55135,51812.000000
0500000US27029,32926.061900
0500000US16035,32926.061900
0500000US40049,32926.061900
0500000US46003,32926.061900
0500000US32021,32926.061900
0500000US39037,51881.000000
0500000US29115,32926.061900
0500000US31095,32926.061900
0500000US39021,38714.000000
0500000US51683,42772.000000
0500000US47007,32926.061900
0500000US31055,584526.000000
0500000US17045,32926.061900
0500000US27003,363887.000000
0500000US18067,83658.000000
0500000US20073,32926.061900
0500000US13293,32926.061900
0500000US05089,32926.061900
0500000US34037,144221.000000
0500000US20049,32926.061900
0500000US20129,32926.061900
0500000US18107,37936.000000
0500000US21105,27635.778447
0500000US31159,32926.061900
0500000US17039,32926.061900
0500000US20111,32926.061900
0500000US20115,32926.061900
0500000US48115,32926.061900
0500000US08079,32926.061900
0500000US51049,32413.381388
0500000US29003,32926.061900
0500000US31115,32926.061900
0500000US35037,32926.061900
0500000US48137,32926.061900
0500000US18019,121093.000000
0500000US51590,42590.000000
0500000US51760,226610.000000
0500000US48331,32926.061900
0500000US12011,1944375.000000
0500000US13005,31289.993665
0500000US19011,32926.061900
0500000US17169,32926.061900
0500000US48095,32926.061900
0500000US18165,28624.112798
0500000US01037,32926.061900
0500000US34039,575345.000000
0500000US55107,32926.061900
0500000US17073,49284.000000
0500000US48497,68632.000000
0500000US13227,33216.000000
0500000US31027,32926.061900
0500000US17147,32926.061900
0500000US17155,19041.740475
0500000US47077,32926.061900
0500000US55041,32926.061900
0500000US38021,32926.061900
0500000US46019,32926.061900
0500000US31129,32926.061900
0500000US46077,32926.061900
0500000US29141,32926.061900
0500000US55101,197727.000000
0500000US19085,32926.061900
0500000US21141,32926.061900
0500000US26149,60939.000000
0500000US48149,32926.061900
0500000US46069,32926.061900
0500000US36057,49532.000000
0500000US55017,66297.000000
0500000US39145,74008.000000
0500000US39053,32926.061900
0500000US29097,122761.000000
0500000US28153,32926.061900
0500000US29111,32926.061900
0500000US19099,37813.000000
0500000US48085,1064465.000000
0500000US48489,32926.061900
0500000US27037,439882.000000
0500000US29057,32926.061900
0500000US18129,32926.061900
0500000US39055,95397.000000
0500000US08105,32926.061900
0500000US17057,33609.000000
0500000US37169,44520.000000
0500000US48147,35662.000000
0500000US48397,107819.000000
0500000US30091,32926.061900
0500000US32029,28950.383448
0500000US51680,79009.000000
0500000US01027,32926.061900
0500000US29045,32926.061900
0500000US19119,32926.061900
0500000US37191,117333.000000
0500000US38049,32926.061900
0500000US18023,33190.000000
0500000US27115,32926.061900
0500000US13255,67306.000000
0500000US01021,45014.000000
0500000US41059,80075.000000
0500000US29155,32926.061900
0500000US19075,32926.061900
0500000US17061,32926.061900
0500000US48275,32926.061900
0500000US46083,65161.000000
0500000US56023,32926.061900
0500000US39129,58539.000000
0500000US18097,977203.000000
0500000US40033,32926.061900
0500000US20153,32926.061900
0500000US17181,32926.061900
0500000US27063,32926.061900
0500000US17065,32926.061900
0500000US17145,32926.061900
0500000US17131,32926.061900
0500000US13047,67872.000000
0500000US42081,114188.000000
0500000US13145,34668.000000
0500000US20091,609863.000000
0500000US21091,21743.909541
0500000US29133,32926.061900
0500000US13099,32926.061900
0500000US13149,32926.061900
0500000US35011,32926.061900
0500000US27153,32926.061900
0500000US31161,32926.061900
0500000US54091,19176.767226
0500000US05071,32926.061900
0500000US48485,129350.000000
0500000US29005,32926.061900
0500000US37077,60992.000000
0500000US12021,375752.000000
0500000US19105,32926.061900
0500000US51115,10772.327525
0500000US27019,106922.000000
0500000US48507,32926.061900
0500000US50001,37363.000000
0500000US50011,49946.000000
0500000US21199,65034.000000
0500000US27105,32926.061900
0500000US27123,552352.000000
0500000US13111,32926.061900
0500000US17123,32926.061900
0500000US05031,111231.000000
0500000US55077,32926.061900
0500000US31177,32926.061900
0500000US53039,32926.061900
0500000US54009,22559.000000
0500000US18113,47457.000000
0500000US48099,83093.000000
0500000US22019,216785.000000
0500000US27007,46228.000000
0500000US28081,83343.000000
0500000US40109,796292.000000
0500000US55091,27242.632009
0500000US46135,32926.061900
0500000US38101,69919.000000
0500000US26021,154316.000000
0500000US36035,53324.000000
0500000US18005,82208.000000
0500000US38047,32926.061900
0500000US39009,62431.000000
0500000US13211,32926.061900
0500000US27161,32926.061900
0500000US42015,59967.000000
0500000US20077,32926.061900
0500000US19039,32926.061900
0500000US36039,47931.000000
0500000US12081,399710.000000
0500000US13299,36251.000000
0500000US33001,63705.000000
0500000US26031,32926.061900
0500000US16081,32926.061900
0500000US13011,25492.183639
0500000US36083,161130.000000
0500000US37003,36444.000000
0500000US31061,32926.061900
0500000US39111,32926.061900
0500000US27087,32926.061900
0500000US18073,32926.061900
0500000US26043,32926.061900
0500000US20005,32926.061900
0500000US31085,32926.061900
0500000US48197,32926.061900
0500000US40005,32926.061900
0500000US37109,86810.000000
0500000US39171,37102.000000
0500000US29051,77279.000000
0500000US42055,155932.000000
0500000US13277,41344.000000
0500000US39045,158921.000000
0500000US27157,32926.061900
0500000US40149,32926.061900
0500000US28099,32926.061900
0500000US16021,32926.061900
0500000US18145,45055.000000
0500000US26007,32926.061900
0500000US40063,32926.061900
0500000US31093,32926.061900
0500000US05077,32926.061900
0500000US27155,32926.061900
0500000US34029,637229.000000
0500000US44001,50793.000000
0500000US39073,32926.061900
0500000US17071,32926.061900
0500000US42093,18136.000000
0500000US49039,32926.061900
0500000US05135,32926.061900
0500000US12085,158431.000000
0500000US40045,32926.061900
0500000US39027,42018.000000
0500000US35009,48430.000000
0500000US51595,5766.000000
0500000US31025,32926.061900
0500000US38091,32926.061900
0500000US13225,27981.000000
0500000US36095,32926.061900
0500000US21035,37103.000000
0500000US31181,32926.061900
0500000US35041,32926.061900
0500000US05079,32926.061900
0500000US09015,116418.000000
0500000US13285,69426.000000
0500000US55073,138013.000000
0500000US17111,310229.000000
0500000US41067,600372.000000
0500000US17013,30949.356417
0500000US17125,32926.061900
0500000US17179,131343.000000
0500000US45033,32926.061900
0500000US46027,32926.061900
0500000US41057,32926.061900
0500000US46013,38301.000000
0500000US31119,35585.000000
0500000US29109,38001.000000
0500000US55039,104154.000000
0500000US47139,32926.061900
0500000US40127,32926.061900
0500000US13065,32926.061900
0500000US31141,34296.000000
0500000US29149,32926.061900
0500000US20039,32926.061900
0500000US55125,32926.061900
0500000US55097,70377.000000
0500000US13059,128671.000000
0500000US19107,32926.061900
0500000US18173,63898.000000
0500000US06031,152486.000000
0500000US48505,32926.061900
0500000US06075,873965.000000
0500000US04011,32926.061900
0500000US29127,32926.061900
0500000US08119,32926.061900
0500000US53057,129523.000000
0500000US20173,523824.000000
0500000US29167,32926.061900
0500000US29137,32926.061900
0500000US36015,84148.000000
0500000US08101,168162.000000
0500000US39093,312964.000000
0500000US01093,32926.061900
0500000US13097,144237.000000
0500000US56041,32926.061900
0500000US31149,32926.061900
0500000US51820,22196.000000
0500000US17115,103998.000000
0500000US28095,34180.000000
0500000US39143,58896.000000
0500000US13147,28396.019373
0500000US28147,32926.061900
0500000US05035,48163.000000
0500000US27111,60081.000000
0500000US28009,32926.061900
0500000US13273,32926.061900
0500000US28065,32926.061900
0500000US18109,71780.000000
0500000US19051,32926.061900
0500000US48257,145310.000000
0500000US13167,32926.061900
0500000US17085,32926.061900
0500000US28161,32926.061900
0500000US28043,32926.061900
0500000US05033,60133.000000
0500000US18103,35962.000000
0500000US05101,32926.061900
0500000US35025,74455.000000
0500000US13295,67654.000000
0500000US21227,134554.000000
0500000US21219,32926.061900
0500000US01039,37570.000000
0500000US17171,27594.550651
0500000US38073,32926.061900
0500000US16071,32926.061900
0500000US31139,32926.061900
0500000US51530,6641.000000
0500000US08075,32926.061900
0500000US28075,72984.000000
0500000US38079,32926.061900
0500000US55123,32926.061900
0500000US18013,32926.061900
0500000US19001,32926.061900
0500000US13275,45798.000000
0500000US28035,78158.000000
0500000US47043,54315.000000
0500000US26095,32926.061900
0500000US18041,23523.664276
0500000US48259,44279.000000
0500000US46011,34375.000000
0500000US18119,32926.061900
0500000US51079,20552.000000
0500000US47015,29105.614731
0500000US20013,32926.061900
0500000US13257,26784.000000
0500000US39039,38286.000000
0500000US46045,32926.061900
0500000US01011,32926.061900
0500000US55059,169151.000000
0500000US20065,32926.061900
0500000US27051,32926.061900
0500000US20021,32926.061900
0500000US28011,32926.061900
0500000US20051,32926.061900
0500000US01015,116441.000000
0500000US08025,32926.061900
0500000US20193,32926.061900
0500000US49041,32926.061900
0500000US17167,196343.000000
0500000US27057,32926.061900
0500000US19079,32926.061900
0500000US48113,2613539.000000
0500000US51678,7320.000000
0500000US12043,32926.061900
0500000US13119,29042.087794
0500000US40085,32926.061900
0500000US50005,32926.061900
0500000US41029,223259.000000
0500000US26101,32926.061900
0500000US51065,32179.523152
0500000US01075,32926.061900
0500000US45023,32926.061900
0500000US36049,32926.061900
0500000US33019,43063.000000
0500000US50021,60572.000000
0500000US29179,32926.061900
0500000US46115,32926.061900
0500000US19081,32926.061900
0500000US55117,118034.000000
0500000US48235,32926.061900
0500000US28019,32926.061900
0500000US30019,32926.061900
0500000US35005,65157.000000
0500000US35043,148834.000000
0500000US28023,32926.061900
0500000US39131,32926.061900
0500000US27035,66123.000000
0500000US27095,32926.061900
0500000US48243,32926.061900
0500000US46033,32926.061900
0500000US27143,32926.061900
0500000US36023,46809.000000
0500000US39051,42713.000000
0500000US53051,32926.061900
0500000US26011,32926.061900
0500000US19031,32926.061900
0500000US08003,32926.061900
0500000US39163,32926.061900
0500000US55137,32926.061900
0500000US42083,40432.000000
0500000US19009,32926.061900
0500000US27005,35183.000000
0500000US37005,25956.353336
0500000US39085,232603.000000
0500000US42011,428849.000000
0500000US31165,32926.061900
0500000US18003,385410.000000
0500000US47115,32926.061900
0500000US19169,98537.000000
0500000US48163,32926.061900
0500000US27141,97183.000000
0500000US39097,43824.000000
0500000US13087,32926.061900
0500000US46079,32926.061900
0500000US29135,32926.061900
0500000US19057,38910.000000
0500000US55083,38965.000000
0500000US40099,32926.061900
0500000US47027,28298.408614
0500000US05043,32926.061900
0500000US31029,32926.061900
0500000US35047,32926.061900
0500000US39165,242337.000000
0500000US34017,724854.000000
0500000US54029,29095.000000
0500000US18015,32926.061900
0500000US20201,32926.061900
0500000US48131,32926.061900
0500000US47109,32926.061900
0500000US47087,32926.061900
0500000US13101,32926.061900
0500000US39119,86410.000000
0500000US16019,123964.000000
0500000US17069,19984.812669
0500000US29129,32926.061900
0500000US20147,32926.061900
0500000US39115,32926.061900
0500000US21129,23088.722179
0500000US22047,32926.061900
0500000US18081,161765.000000
0500000US09013,149788.000000
0500000US21073,51541.000000
0500000US29145,58648.000000
0500000US26113,32926.061900
0500000US17051,32926.061900
0500000US01105,32926.061900
0500000US27041,39006.000000
0500000US26123,49978.000000
0500000US39077,58565.000000
0500000US05059,33040.000000
0500000US46119,32926.061900
0500000US31147,32926.061900
0500000US12067,32926.061900
0500000US28067,67246.000000
0500000US21163,32926.061900
0500000US20121,34191.000000
0500000US39017,390357.000000
0500000US29177,32926.061900
0500000US05141,32926.061900
0500000US21103,31302.305446
0500000US18153,32926.061900
0500000US21117,169064.000000
0500000US19065,32926.061900
0500000US48425,20900.800848
0500000US26067,66804.000000
0500000US47171,20233.437916
0500000US28041,32926.061900
0500000US40017,154405.000000
0500000US12063,47319.000000
0500000US08097,32926.061900
0500000US54079,57440.000000
0500000US17121,37729.000000
0500000US48011,32926.061900
0500000US37061,48715.000000
0500000US47023,31276.323986
0500000US21171,32926.061900
0500000US26035,32926.061900
0500000US47113,98823.000000
0500000US13253,27831.142760
0500000US39003,102206.000000
0500000US19145,32926.061900
0500000US30103,32926.061900
0500000US56037,42272.000000
0500000US19059,32926.061900
0500000US28125,32926.061900
0500000US40103,32926.061900
0500000US16053,32926.061900
0500000US51775,25346.000000
0500000US56001,37066.000000
0500000US48179,32926.061900
0500000US13243,32926.061900
0500000US18115,9756.418851
0500000US17081,37113.000000
0500000US51570,18170.000000
0500000US27071,32926.061900
0500000US12015,186847.000000
0500000US31035,32926.061900
0500000US38013,32926.061900
0500000US54055,59664.000000
0500000US12059,32926.061900
0500000US29025,32926.061900
0500000US21201,10858.352439
0500000US18181,32926.061900
0500000US31143,32926.061900
0500000US29163,32926.061900
0500000US13085,26798.000000
0500000US36073,40343.000000
0500000US55078,32926.061900
0500000US30065,32926.061900
0500000US48433,32926.061900
0500000US13197,32926.061900
0500000US48151,32926.061900
0500000US08047,16379.033690
0500000US18057,347467.000000
0500000US51580,5737.000000
0500000US35015,62314.000000
0500000US48463,32926.061900
0500000US29017,32926.061900
0500000US49031,32926.061900
0500000US28005,32926.061900
0500000US16045,32926.061900
0500000US35057,32926.061900
0500000US48299,32926.061900
0500000US29203,32926.061900
0500000US39105,32926.061900
0500000US28015,32926.061900
0500000US37187,32926.061900
0500000US21075,24909.977490
0500000US17117,44967.000000
0500000US35035,67839.000000
0500000US41011,64929.000000
0500000US29035,32926.061900
0500000US17075,32926.061900
0500000US17067,32926.061900
0500000US46089,32926.061900
0500000US46043,32926.061900
0500000US18121,32926.061900
0500000US01053,36757.000000
0500000US48487,32926.061900
0500000US51830,15425.000000
0500000US19123,32926.061900
0500000US29093,32926.061900
0500000US13109,20269.245222
0500000US46097,32926.061900
0500000US30111,164731.000000
0500000US29213,56066.000000
0500000US51169,32926.061900
0500000US55047,32926.061900
0500000US17157,32926.061900
0500000US29065,32926.061900
0500000US20197,32926.061900
0500000US06067,1585055.000000
0500000US19005,32926.061900
0500000US26085,32926.061900
0500000US18177,66553.000000
0500000US31063,32926.061900
0500000US05127,32926.061900
0500000US34015,302294.000000
0500000US20157,32926.061900
0500000US31087,32926.061900
0500000US06035,32926.061900
0500000US05105,32926.061900
0500000US29119,32926.061900
0500000US28107,33208.000000
0500000US27025,56621.000000
0500000US20181,32926.061900
0500000US05051,100180.000000
0500000US19133,32926.061900
0500000US39109,108774.000000
0500000US16067,32926.061900
0500000US30067,32926.061900
0500000US17091,107502.000000
0500000US27009,41379.000000
0500000US08041,730395.000000
0500000US16065,52913.000000
0500000US13057,266620.000000
0500000US37179,238267.000000
0500000US17021,34032.000000
0500000US42087,46143.000000
0500000US05137,32926.061900
0500000US27043,32926.061900
0500000US19037,32926.061900
0500000US28071,55813.000000
0500000US12101,561891.000000
0500000US51077,32926.061900
0500000US46021,32926.061900
0500000US51670,23033.000000
0500000US17137,32926.061900
0500000US19183,32926.061900
0500000US48325,50748.000000
0500000US20205,32926.061900
0500000US46059,32926.061900
0500000US42119,42681.000000
0500000US48285,32926.061900
0500000US48177,32926.061900
0500000US40037,71754.000000
0500000US13187,33488.000000
0500000US29009,34534.000000
0500000US13067,766149.000000
0500000US55035,105710.000000
0500000US19131,32926.061900
0500000US21233,32926.061900
0500000US17083,32926.061900
0500000US46109,32926.061900
0500000US27065,32926.061900
0500000US26061,37361.000000
0500000US26005,120502.000000
0500000US42077,374557.000000
0500000US39019,32926.061900
0500000US26117,66614.000000
0500000US20011,32926.061900
0500000US56011,32926.061900
0500000US55089,91503.000000
0500000US19043,32926.061900
0500000US40091,32926.061900
0500000US48097,41668.000000
0500000US46031,32926.061900
0500000US39029,101877.000000
0500000US51135,32926.061900
0500000US48249,38891.000000
0500000US17103,34145.000000
0500000US31151,32926.061900
0500000US37071,227943.000000
0500000US17089,516522.000000
0500000US05143,245871.000000
0500000US26049,406211.000000
0500000US31033,32926.061900
0500000US39153,540428.000000
0500000US27113,32926.061900
0500000US13055,32926.061900
0500000US42109,39736.000000
0500000US48415,32926.061900
0500000US08039,32926.061900
0500000US31153,190604.000000
0500000US29229,32926.061900
0500000US13287,31648.159680
0500000US40007,32926.061900
0500000US20165,32926.061900
0500000US46129,32926.061900
0500000US31073,32926.061900
0500000US48295,32926.061900
0500000US20175,32926.061900
0500000US13003,32926.061900
0500000US54069,42425.000000
0500000US28091,32926.061900
0500000US32017,32926.061900
0500000US48189,32926.061900
0500000US21041,15217.018693
0500000US29059,32926.061900
0500000US45077,131404.000000
0500000US39137,34451.000000
0500000US38043,32926.061900
0500000US46057,32926.061900
0500000US40039,32926.061900
0500000US38031,32926.061900
0500000US32013,32926.061900
0500000US40003,32926.061900
0500000US26111,83494.000000
0500000US47099,44159.000000
0500000US18045,32926.061900
0500000US46091,32926.061900
0500000US19187,36999.000000
0500000US29131,32926.061900
0500000US55127,106478.000000
0500000US39139,124936.000000
0500000US13131,32926.061900
0500000US46051,32926.061900
0500000US39135,40999.000000
0500000US35019,32926.061900
0500000US19049,99678.000000
0500000US24510,585708.000000
0500000US31173,32926.061900
0500000US55109,93536.000000
0500000US17009,32926.061900
0500000US18095,130129.000000
0500000US17037,100420.000000
0500000US19161,32926.061900
0500000US40077,32926.061900
0500000US19103,152854.000000
0500000US29227,29150.387658
0500000US54101,32926.061900
0500000US01007,32926.061900
0500000US20029,32926.061900
0500000US18169,32926.061900
0500000US36097,32926.061900
0500000US33003,50107.000000
0500000US32009,32926.061900
0500000US38033,32926.061900
0500000US18063,174788.000000
0500000US19141,32926.061900
0500000US17007,53448.000000
0500000US20199,32926.061900
0500000US01133,32926.061900
0500000US47183,32926.061900
0500000US28129,32926.061900
0500000US28117,32926.061900
0500000US26145,190124.000000
0500000US27017,36207.000000
0500000US27093,32926.061900
0500000US04023,47669.000000
0500000US54077,34216.000000
0500000US20117,32926.061900
0500000US38015,98458.000000
0500000US18163,180136.000000
0500000US48019,32926.061900
0500000US42019,193763.000000
0500000US19151,32926.061900
0500000US42115,38434.000000
0500000US06115,81575.000000
0500000US48273,32926.061900
0500000US20059,32926.061900
0500000US48283,32926.061900
0500000US20151,32926.061900
0500000US08087,32926.061900
0500000US38011,32926.061900
0500000US45039,32926.061900
0500000US47169,12551.526110
0500000US08014,74112.000000
0500000US29077,298915.000000
0500000US27099,40029.000000
0500000US42085,110652.000000
0500000US21137,32926.061900
0500000US40059,32926.061900
0500000US19165,32926.061900
0500000US42007,168215.000000
0500000US31031,32926.061900
0500000US17203,38467.000000
0500000US54051,32926.061900
0500000US55139,171730.000000
0500000US47017,32926.061900
0500000US29221,32926.061900
0500000US42029,534413.000000
0500000US26077,261670.000000
0500000US48111,32926.061900
0500000US18033,43265.000000
0500000US29175,32926.061900
0500000US51710,238005.000000
0500000US28061,32926.061900
0500000US29015,32926.061900
0500000US29055,32926.061900
0500000US17195,55691.000000
0500000US56007,32926.061900
0500000US38045,32926.061900
0500000US31169,32926.061900
0500000US28141,32926.061900
0500000US39057,167966.000000
0500000US42039,83938.000000
0500000US19127,40105.000000
0500000US18151,34435.000000
0500000US20171,32926.061900
0500000US48247,32926.061900
0500000US17199,67153.000000
0500000US35053,32926.061900
0500000US13017,27729.123353
0500000US17077,52974.000000
0500000US28085,34907.000000
0500000US19155,93667.000000
0500000US46037,32926.061900
0500000US48123,32926.061900
0500000US20127,32926.061900
0500000US21053,22437.325268
0500000US51510,159467.000000
0500000US18131,32926.061900
0500000US13117,251283.000000
0500000US20103,81881.000000
0500000US19071,32926.061900
0500000US25003,129026.000000
0500000US40111,36706.000000
0500000US42047,32926.061900
0500000US26037,79128.000000
0500000US31023,32926.061900
0500000US29185,32926.061900
0500000US26159,75587.000000
0500000US21161,26861.594209
0500000US19007,32926.061900
0500000US20083,32926.061900
0500000US48133,32926.061900
0500000US26015,62423.000000
0500000US05113,32926.061900
0500000US18037,43637.000000
0500000US08121,32926.061900
0500000US48375,118525.000000
0500000US17175,31542.988104
0500000US19153,492401.000000
0500000US40071,43700.000000
0500000US53059,32926.061900
0500000US04019,1043433.000000
0500000US01017,34772.000000
0500000US17023,32926.061900
0500000US32005,49488.000000
0500000US45011,32926.061900
0500000US18043,80484.000000
0500000US51730,33458.000000
0500000US18141,272912.000000
0500000US36003,46456.000000
0500000US51520,17219.000000
0500000US01127,65342.000000
0500000US26151,40611.000000
0500000US48181,135543.000000
0500000US41053,87433.000000
0500000US05111,32926.061900
0500000US50017,32926.061900
0500000US01083,103570.000000
0500000US37067,382590.000000
0500000US37185,32926.061900
0500000US21087,31558.730093
0500000US37011,27212.581257
0500000US30037,32926.061900
0500000US28059,143252.000000
0500000US29219,35532.000000
0500000US47103,35319.000000
0500000US51550,249422.000000
0500000US22003,32926.061900
0500000US01123,41311.000000
0500000US13071,45898.000000
0500000US55021,58490.000000
0500000US19003,32926.061900
0500000US13125,15740.981609
0500000US47039,32926.061900
0500000US19113,230299.000000
0500000US30075,32926.061900
0500000US18127,173215.000000
0500000US21021,30614.000000
0500000US16047,32926.061900
0500000US36123,32926.061900
0500000US21215,21089.149135
0500000US31099,32926.061900
0500000US31131,32926.061900
0500000US47047,41990.000000
0500000US01125,227036.000000
0500000US54015,32926.061900
0500000US18085,80240.000000
0500000US20017,32926.061900
0500000US21213,25721.026714
0500000US40107,32926.061900
0500000US01019,32926.061900
0500000US27135,32926.061900
0500000US49003,57666.000000
0500000US05065,32926.061900
0500000US40131,95240.000000
0500000US33011,422937.000000
0500000US21169,32096.373425
0500000US55015,52442.000000
0500000US20209,169245.000000
0500000US51630,27982.000000
0500000US21157,32926.061900
0500000US31117,32926.061900
0500000US51045,32926.061900
0500000US42107,143049.000000
0500000US01067,32926.061900
0500000US39087,58240.000000
0500000US45081,32926.061900
0500000US29039,32926.061900
0500000US29081,32926.061900
0500000US22095,42477.000000
0500000US47179,133001.000000
0500000US36079,97668.000000
0500000US39173,132248.000000
0500000US13231,23643.941213
0500000US39001,32926.061900
0500000US38039,32926.061900
0500000US48231,99956.000000
0500000US51197,32926.061900
0500000US31015,32926.061900
0500000US45037,32926.061900
0500000US37035,160610.000000
0500000US20043,32926.061900
0500000US39013,66497.000000
0500000US47125,220069.000000
0500000US46017,32926.061900
0500000US30101,32926.061900
0500000US38065,32926.061900
0500000US36089,108505.000000
0500000US47137,19127.593759
0500000US13091,32926.061900
0500000US39049,1323807.000000
0500000US31065,32926.061900
0500000US40051,54795.000000
0500000US20007,32926.061900
0500000US55103,32926.061900
0500000US19017,32926.061900
0500000US31075,32926.061900
0500000US48065,32926.061900
0500000US12019,218245.000000
0500000US36107,48455.000000
0500000US21019,48261.000000
0500000US17141,51788.000000
0500000US40123,38065.000000
0500000US19139,43235.000000
0500000US08017,32926.061900
0500000US28123,32926.061900
0500000US29211,32926.061900
0500000US28103,32926.061900
0500000US08073,32926.061900
0500000US37097,186693.000000
0500000US13115,98584.000000
0500000US48365,32926.061900
0500000US19167,35872.000000
0500000US13123,32926.061900
0500000US20187,32926.061900
0500000US29101,54013.000000
0500000US16009,32926.061900
0500000US21191,30753.940597
0500000US29147,32926.061900
0500000US31053,37167.000000
0500000US09005,185186.000000
0500000US05125,123416.000000
0500000US48265,52598.000000
0500000US47095,21320.771224
0500000US13155,32926.061900
0500000US48327,32926.061900
0500000US26009,32926.061900
0500000US19087,32926.061900
0500000US30095,32926.061900
0500000US37197,37214.000000
0500000US46053,32926.061900
0500000US20177,178909.000000
0500000US37041,19717.451834
0500000US29123,32926.061900
0500000US56043,32926.061900
0500000US51810,459470.000000
0500000US18059,79840.000000
0500000US36109,105740.000000
0500000US55093,42212.000000
0500000US21111,782969.000000
0500000US42025,64749.000000
0500000US53013,32926.061900
0500000US49021,57289.000000
0500000US48305,32926.061900
0500000US51035,32926.061900
0500000US08089,32926.061900
0500000US36093,158061.000000
0500000US40069,32926.061900
0500000US48461,32926.061900
0500000US13177,33163.000000
0500000US37157,91096.000000
0500000US20141,32926.061900
0500000US48307,32926.061900
0500000US21049,36972.000000
0500000US47019,56356.000000
0500000US37175,32986.000000
0500000US54003,122076.000000
0500000US29201,38059.000000
0500000US13105,32926.061900
0500000US20189,32926.061900
0500000US18039,207047.000000
0500000US26091,99423.000000
0500000US31037,32926.061900
0500000US01103,123421.000000
0500000US06109,55620.000000
0500000US56003,32926.061900
0500000US29021,84793.000000
0500000US51107,420959.000000
0500000US13127,84499.000000
0500000US45089,32926.061900
0500000US22069,37515.000000
0500000US53037,44337.000000
0500000US34035,345361.000000
0500000US29001,32926.061900
0500000US54093,32926.061900
0500000US08107,32926.061900
0500000US30055,32926.061900
0500000US37075,32926.061900
0500000US13221,32926.061900
0500000US08081,32926.061900
0500000US31079,62895.000000
0500000US20047,32926.061900
0500000US13083,18859.714960
0500000US39081,65249.000000
0500000US20087,32926.061900
0500000US51720,3687.000000
0500000US26133,32926.061900
0500000US19089,32926.061900
0500000US28133,32926.061900
0500000US38023,32926.061900
0500000US55105,163687.000000
0500000US31011,32926.061900
0500000US27149,32926.061900
0500000US38083,32926.061900
0500000US17079,32926.061900
0500000US39059,38438.000000
0500000US31021,32926.061900
0500000US54053,32926.061900
0500000US40121,43773.000000
0500000US21145,67875.000000
0500000US31127,32926.061900
0500000US09003,899498.000000
0500000US13159,32926.061900
0500000US08085,42679.000000
0500000US40055,32926.061900
0500000US28063,32926.061900
0500000US54049,56205.000000
0500000US48159,32261.916658
0500000US21211,48065.000000
0500000US20183,32926.061900
0500000US48367,148222.000000
0500000US26155,68094.000000
0500000US20035,34549.000000
0500000US48221,61598.000000
0500000US19115,32926.061900
0500000US17127,26716.975857
0500000US31045,32926.061900
0500000US13129,57544.000000
0500000US27147,37406.000000
0500000US55079,939489.000000
0500000US17019,205865.000000
0500000US27121,32926.061900
0500000US01077,93564.000000
0500000US28127,32926.061900
0500000US47075,32926.061900
0500000US27055,32926.061900
0500000US35049,154823.000000
0500000US48337,32926.061900
0500000US17191,32926.061900
0500000US55061,32926.061900
0500000US18049,32926.061900
0500000US48429,32926.061900
0500000US30109,32926.061900
0500000US26001,32926.061900
0500000US22089,52549.000000
0500000US12115,434006.000000
0500000US40115,32926.061900
0500000US20191,32926.061900
0500000US37181,42578.000000
0500000US20015,67380.000000
0500000US29510,301578.000000
0500000US55025,561504.000000
0500000US40015,32926.061900
0500000US05083,32926.061900
0500000US55133,406978.000000
0500000US48121,906422.000000
0500000US28037,32926.061900
0500000US39079,32926.061900
0500000US23001,111139.000000
0500000US22049,32926.061900
0500000US51685,17219.000000
0500000US56019,32926.061900
0500000US48369,32926.061900
0500000US55013,32926.061900
0500000US19097,32926.061900
0500000US26045,109175.000000
0500000US46107,32926.061900
0500000US38093,32926.061900
0500000US41009,52589.000000
0500000US18167,106153.000000
0500000US38051,32926.061900
0500000US04003,125447.000000
0500000US13035,25434.000000
0500000US28097,32926.061900
0500000US39007,97574.000000
0500000US38081,32926.061900
0500000US42117,41045.000000
0500000US51650,137148.000000
0500000US13247,93570.000000
0500000US20033,32926.061900
0500000US54037,57701.000000
0500000US27169,49671.000000
0500000US17113,170954.000000
0500000US06091,32926.061900
0500000US26065,284900.000000
0500000US16051,32926.061900
0500000US19181,52403.000000
0500000US29083,32926.061900
0500000US20179,32926.061900
0500000US48317,32926.061900
0500000US56045,32926.061900
0500000US19179,35437.000000
0500000US35003,32926.061900
0500000US16057,39517.000000
0500000US29199,32926.061900
0500000US37001,171415.000000
0500000US40047,62846.000000
0500000US48055,45883.000000
0500000US31111,34676.000000
0500000US27045,32926.061900
0500000US27033,32926.061900
0500000US13093,32926.061900
0500000US45013,187117.000000
0500000US48297,32926.061900
0500000US39141,77093.000000
0500000US29049,32926.061900
0500000US49053,180279.000000
0500000US31059,32926.061900
0500000US39025,208601.000000
0500000US53001,32926.061900
0500000US31089,32926.061900
0500000US18155,24272.043770
0500000US39071,43317.000000
0500000US22023,32926.061900
0500000US19157,32926.061900
0500000US39175,32926.061900
0500000US23013,40607.000000
0500000US23019,152199.000000
0500000US27159,32926.061900
0500000US48279,32926.061900
0500000US42013,122822.000000
0500000US53023,32926.061900
0500000US55009,268740.000000
0500000US28105,51788.000000
0500000US35059,32926.061900
0500000US37151,144171.000000
0500000US26131,32926.061900
0500000US48381,140753.000000
0500000US40147,52455.000000
0500000US51071,32926.061900
0500000US29161,44638.000000
0500000US38025,32926.061900
0500000US21055,32926.061900
0500000US36005,1472654.000000
0500000US48255,32926.061900
0500000US48291,91628.000000
0500000US17015,32926.061900
0500000US12061,159788.000000
0500000US22093,27974.660568
0500000US13069,43092.000000
0500000US20045,118785.000000
0500000US31067,32926.061900
0500000US38075,32926.061900
0500000US31171,32926.061900
0500000US29105,36039.000000
0500000US31051,32926.061900
0500000US19191,32926.061900
0500000US55087,190705.000000
0500000US13165,32926.061900
0500000US55081,46274.000000
0500000US08123,328981.000000
0500000US29165,106718.000000
0500000US36087,338329.000000
0500000US51025,32926.061900
0500000US36001,314848.000000
0500000US30017,32926.061900
0500000US29047,253335.000000
0500000US20063,32926.061900
0500000US26081,657974.000000
0500000US26069,32926.061900
0500000US21185,67607.000000
0500000US48503,32926.061900
0500000US13297,96673.000000
0500000US13053,27444.769956
0500000US36007,198683.000000
0500000US39023,136001.000000
0500000US31057,32926.061900
0500000US31019,50084.000000
0500000US17187,32926.061900
0500000US48345,32926.061900
0500000US21077,11325.190717
0500000US13307,22896.580213
0500000US39011,46422.000000
0500000US37143,27090.702530
0500000US55113,32926.061900
0500000US35031,72902.000000
0500000US26105,32926.061900
0500000US20207,32926.061900
0500000US21023,22724.605120
0500000US17161,144672.000000
0500000US21081,28467.662595
0500000US20061,36739.000000
0500000US48385,32926.061900
0500000US48153,32926.061900
0500000US16011,47992.000000
0500000US19185,32926.061900
0500000US18031,32926.061900
0500000US19061,99266.000000
0500000US50007,168323.000000
0500000US17159,32926.061900
0500000US17193,32926.061900
0500000US26107,39714.000000
0500000US55055,84900.000000
0500000US26087,88619.000000
0500000US42105,32926.061900
0500000US13281,18888.131430
0500000US20105,32926.061900
0500000US51183,32926.061900
0500000US26165,33673.000000
0500000US41013,32926.061900
0500000US41049,32926.061900
0500000US19129,32926.061900
0500000US46063,32926.061900
0500000US40119,81646.000000
0500000US30097,32926.061900
0500000US26127,32926.061900
0500000US19053,32926.061900
0500000US13161,32926.061900
0500000US19041,32926.061900
0500000US29075,32926.061900
0500000US56005,47026.000000
0500000US53003,32926.061900
0500000US13043,27517.179951
0500000US48451,120003.000000
0500000US39089,178519.000000
0500000US19193,105941.000000
